Leaf Node Category ID	Category Name (中)		
100094	BE - 女生包包/精品 - 手提包		
100346	BE - 女生包包/精品 - 包包配件 - 包包吊飾		
100347	BE - 女生包包/精品 - 包包配件 - 包包收納		
100345	BE - 女生包包/精品 - 包包配件 - 包包掛勾		
100349	BE - 女生包包/精品 - 包包配件 - 其他		
100344	BE - 女生包包/精品 - 包包配件 - 背帶/配件		
100348	BE - 女生包包/精品 - 包包配件 - 清潔/保養用品		
100341	BE - 女生包包/精品 - 皮夾 - 中夾/短夾		
100340	BE - 女生包包/精品 - 皮夾 - 手機包/鑰匙包		
100338	BE - 女生包包/精品 - 皮夾 - 卡夾		
100343	BE - 女生包包/精品 - 皮夾 - 其他		
100342	BE - 女生包包/精品 - 皮夾 - 長夾		
100339	BE - 女生包包/精品 - 皮夾 - 零錢包		
100093	BE - 女生包包/精品 - 托特包		
100098	BE - 女生包包/精品 - 其他		
100089	BE - 女生包包/精品 - 後背包		
100095	BE - 女生包包/精品 - 側/肩背包		
100091	BE - 女生包包/精品 - 晚宴包/手拿包		
100092	BE - 女生包包/精品 - 腰包/胸包		
100334	BE - 女生包包/精品 - 電腦包 - 手提斜背筆電包		
100337	BE - 女生包包/精品 - 電腦包 - 其他		
100335	BE - 女生包包/精品 - 電腦包 - 筆電套		
100336	BE - 女生包包/精品 - 電腦包 - 電腦後背包		
100351	BE - 女生衣著 - 上衣 - 平口背心		
100356	BE - 女生衣著 - 上衣 - 其他上衣		
100350	BE - 女生衣著 - 上衣 - 細肩帶 / 繞頸背心		
100355	BE - 女生衣著 - 上衣 - 連體衣 / 包屁衣		
100353	BE - 女生衣著 - 上衣 - 襯衫		
100354	BE - 女生衣著 - 上衣 - Polo衫		
100352	BE - 女生衣著 - 上衣 - T恤		
100373	BE - 女生衣著 - 大學T / 帽T - 大學T		
100375	BE - 女生衣著 - 大學T / 帽T - 其他帽T / 大學T		
100374	BE - 女生衣著 - 大學T / 帽T - 帽T		
100381	BE - 女生衣著 - 內衣褲 - 內衣		
100523	BE - 女生衣著 - 內衣褲 - 內衣配件 - 內衣肩帶		
100526	BE - 女生衣著 - 內衣褲 - 內衣配件 - 其他		
100525	BE - 女生衣著 - 內衣褲 - 內衣配件 - 胸貼		
100524	BE - 女生衣著 - 內衣褲 - 內衣配件 - 胸墊		
100382	BE - 女生衣著 - 內衣褲 - 內褲		
100386	BE - 女生衣著 - 內衣褲 - 安全褲		
100380	BE - 女生衣著 - 內衣褲 - 成套內衣褲		
100387	BE - 女生衣著 - 內衣褲 - 情趣內衣		
100383	BE - 女生衣著 - 內衣褲 - 發熱衣 / 內搭衣		
100385	BE - 女生衣著 - 內衣褲 - 塑身衣		
100388	BE - 女生衣著 - 內衣褲 - 運動型內衣 / 其他內衣		
100108	BE - 女生衣著 - 毛衣 / 針織		
100103	BE - 女生衣著 - 牛仔褲		
100368	BE - 女生衣著 - 外套 / 背心 - 斗篷		
100367	BE - 女生衣著 - 外套 / 背心 - 冬季外套 / 大衣		
100369	BE - 女生衣著 - 外套 / 背心 - 西裝		
100370	BE - 女生衣著 - 外套 / 背心 - 夾克		
100372	BE - 女生衣著 - 外套 / 背心 - 其他外套		
100371	BE - 女生衣著 - 外套 / 背心 - 背心外套		
100395	BE - 女生衣著 - 孕婦裝 - 上衣		
100398	BE - 女生衣著 - 孕婦裝 - 下著		
100399	BE - 女生衣著 - 孕婦裝 - 其他		
100394	BE - 女生衣著 - 孕婦裝 - 洋裝		
100393	BE - 女生衣著 - 孕婦裝 - 哺乳內衣		
100396	BE - 女生衣著 - 孕婦裝 - 哺乳衣		
100397	BE - 女生衣著 - 孕婦裝 - 套裝		
100409	BE - 女生衣著 - 布料 - 天鵝絨 / 絲綢 / 緞面		
100412	BE - 女生衣著 - 布料 - 牛仔		
100411	BE - 女生衣著 - 布料 - 尼龍		
100410	BE - 女生衣著 - 布料 - 皮革		
100413	BE - 女生衣著 - 布料 - 帆布		
100408	BE - 女生衣著 - 布料 - 羊毛		
100416	BE - 女生衣著 - 布料 - 其他		
100407	BE - 女生衣著 - 布料 - 棉		
100115	BE - 女生衣著 - 角色扮演服		
100116	BE - 女生衣著 - 其他		
100359	BE - 女生衣著 - 長褲 / 緊身褲 - 其他長褲		
100358	BE - 女生衣著 - 長褲 / 緊身褲 - 長褲		
100357	BE - 女生衣著 - 長褲 / 緊身褲 - 緊身褲 / 內搭褲		
100104	BE - 女生衣著 - 洋裝		
100379	BE - 女生衣著 - 套裝 - 其他套裝		
100378	BE - 女生衣著 - 套裝 - 個人套裝		
100376	BE - 女生衣著 - 套裝 - 情侶裝		
100377	BE - 女生衣著 - 套裝 - 親子裝		
100365	BE - 女生衣著 - 連身褲 / 吊帶褲 - 吊帶褲 / 吊帶裙		
100366	BE - 女生衣著 - 連身褲 / 吊帶褲 - 其他連身 / 吊帶裝		
100363	BE - 女生衣著 - 連身褲 / 吊帶褲 - 連身長褲		
100364	BE - 女生衣著 - 連身褲 / 吊帶褲 - 連身短褲		
100362	BE - 女生衣著 - 短褲 - 其他短褲		
100360	BE - 女生衣著 - 短褲 - 短褲		
100361	BE - 女生衣著 - 短褲 - 褲裙		
100400	BE - 女生衣著 - 傳統服飾 - 上衣		
100401	BE - 女生衣著 - 傳統服飾 - 下著		
100404	BE - 女生衣著 - 傳統服飾 - 其他傳統服飾		
100403	BE - 女生衣著 - 傳統服飾 - 洋裝		
100402	BE - 女生衣著 - 傳統服飾 - 套裝		
100392	BE - 女生衣著 - 睡衣 / 居家服 - 其他睡衣		
100389	BE - 女生衣著 - 睡衣 / 居家服 - 居家服		
100390	BE - 女生衣著 - 睡衣 / 居家服 - 連身睡裙 / 性感睡衣		
100391	BE - 女生衣著 - 睡衣 / 居家服 - 睡袍		
100102	BE - 女生衣著 - 裙裝		
100105	BE - 女生衣著 - 禮服		
100419	BE - 女生衣著 - 襪子 / 絲襪 - 其他		
100418	BE - 女生衣著 - 襪子 / 絲襪 - 絲襪		
100417	BE - 女生衣著 - 襪子 / 絲襪 - 襪子		
100590	BE - 女鞋 - 平底鞋 - 牛津鞋/ 綁帶鞋		
100592	BE - 女鞋 - 平底鞋 - 其他		
100588	BE - 女鞋 - 平底鞋 - 娃娃鞋		
100589	BE - 女鞋 - 平底鞋 - 樂福鞋/帆船鞋		
100591	BE - 女鞋 - 平底鞋 - 懶人鞋/穆勒鞋		
100557	BE - 女鞋 - 休閒鞋款		
100563	BE - 女鞋 - 其他		
100594	BE - 女鞋 - 涼拖鞋 - 人字拖/ 夾腳拖		
100593	BE - 女鞋 - 涼拖鞋 - 平底涼拖鞋		
100597	BE - 女鞋 - 涼拖鞋 - 其他涼拖鞋		
100596	BE - 女鞋 - 涼拖鞋 - 室內拖/ 室內拖鞋		
100595	BE - 女鞋 - 涼拖鞋 - 健康拖/ 健康拖鞋		
100560	BE - 女鞋 - 楔型鞋		
100559	BE - 女鞋 - 跟鞋		
100587	BE - 女鞋 - 靴子 - 其他		
100585	BE - 女鞋 - 靴子 - 雨鞋		
100586	BE - 女鞋 - 靴子 - 時尚靴		
100603	BE - 女鞋 - 鞋材/ 鞋類周邊 - 其他		
100601	BE - 女鞋 - 鞋材/ 鞋類周邊 - 鞋子清潔/ 鞋子清洗/保養清潔		
100600	BE - 女鞋 - 鞋材/ 鞋類周邊 - 鞋拔/ 鞋撐		
100602	BE - 女鞋 - 鞋材/ 鞋類周邊 - 鞋帶		
100599	BE - 女鞋 - 鞋材/ 鞋類周邊 - 鞋墊/ 後跟貼		
100598	BE - 女鞋 - 鞋材/ 鞋類周邊 - 鞋類除臭		
100729	BE - 戶外與運動用品 - 其他運動及戶外用品		
101329	BE - 戶外與運動用品 - 運動戶外裝備及配件 - 戶外機能配件/戶外包袋		
101323	BE - 戶外與運動用品 - 運動戶外裝備及配件 - 防水包袋與防水套		
101324	BE - 戶外與運動用品 - 運動戶外裝備及配件 - 雨衣		
101325	BE - 戶外與運動用品 - 運動戶外裝備及配件 - 雨傘及雨具		
101328	BE - 戶外與運動用品 - 運動戶外裝備及配件 - 健身及運動護具		
101327	BE - 戶外與運動用品 - 運動戶外裝備及配件 - 運動訓練輔助器材		
101322	BE - 戶外與運動用品 - 運動戶外裝備及配件 - 運動帽、戶外帽		
101321	BE - 戶外與運動用品 - 運動戶外裝備及配件 - 運動頭帶/運動穿戴配件/運動配備		
101320	BE - 戶外與運動用品 - 運動戶外裝備及配件 - 運動護腕 & 運動用品		
101318	BE - 戶外與運動用品 - 運動戶外裝備及配件 - 碼表及運動測量		
101319	BE - 戶外與運動用品 - 運動戶外裝備及配件 - 鞋袋/運動包袋		
101326	BE - 戶外與運動用品 - 運動戶外裝備及配件 - 護齒、運動貼布與肌貼		
101316	BE - 戶外與運動用品 - 運動服飾/戶外服飾 - 兒童運動服飾		
101317	BE - 戶外與運動用品 - 運動服飾/戶外服飾 - 其他運動及戶外服飾		
101899	BE - 戶外與運動用品 - 運動服飾/戶外服飾 - 泳裝/潛水服飾 - 一件式泳裝		
101898	BE - 戶外與運動用品 - 運動服飾/戶外服飾 - 泳裝/潛水服飾 - 比基尼		
101900	BE - 戶外與運動用品 - 運動服飾/戶外服飾 - 泳裝/潛水服飾 - 水母衣/防磨衣		
101901	BE - 戶外與運動用品 - 運動服飾/戶外服飾 - 泳裝/潛水服飾 - 其他水類運動服飾		
101897	BE - 戶外與運動用品 - 運動服飾/戶外服飾 - 泳裝/潛水服飾 - 泳褲		
101312	BE - 戶外與運動用品 - 運動服飾/戶外服飾 - 球類運動服飾/球衣		
101311	BE - 戶外與運動用品 - 運動服飾/戶外服飾 - 運動上著/戶外機能上著		
101313	BE - 戶外與運動用品 - 運動服飾/戶外服飾 - 運動下著/戶外機能下著		
101315	BE - 戶外與運動用品 - 運動服飾/戶外服飾 - 運動內衣		
101310	BE - 戶外與運動用品 - 運動服飾/戶外服飾 - 運動外套/戶外機能外套		
101309	BE - 戶外與運動用品 - 運動服飾/戶外服飾 - 運動套裝		
101287	BE - 戶外與運動用品 - 運動健身與戶外休閒 - 生存遊戲與軍用品		
101865	BE - 戶外與運動用品 - 運動健身與戶外休閒 - 乒乓球 - 乒乓球		
101866	BE - 戶外與運動用品 - 運動健身與戶外休閒 - 乒乓球 - 乒乓球拍		
101867	BE - 戶外與運動用品 - 運動健身與戶外休閒 - 乒乓球 - 乒乓球網		
101868	BE - 戶外與運動用品 - 運動健身與戶外休閒 - 乒乓球 - 其他乒乓球相關用品		
101293	BE - 戶外與運動用品 - 運動健身與戶外休閒 - 划船與獨木舟		
101858	BE - 戶外與運動用品 - 運動健身與戶外休閒 - 羽毛球 - 羽毛球		
101857	BE - 戶外與運動用品 - 運動健身與戶外休閒 - 羽毛球 - 羽毛球拍		
101859	BE - 戶外與運動用品 - 運動健身與戶外休閒 - 羽毛球 - 羽毛球網		
101860	BE - 戶外與運動用品 - 運動健身與戶外休閒 - 羽毛球 - 其他羽毛球相關用品		
101847	BE - 戶外與運動用品 - 運動健身與戶外休閒 - 足球用品 - 足球		
101850	BE - 戶外與運動用品 - 運動健身與戶外休閒 - 足球用品 - 其他足球相關用品		
101848	BE - 戶外與運動用品 - 運動健身與戶外休閒 - 足球用品 - 球門手套與護脛		
101849	BE - 戶外與運動用品 - 運動健身與戶外休閒 - 足球用品 - 球門與球網		
101297	BE - 戶外與運動用品 - 運動健身與戶外休閒 - 其他運動健身與戶外休閒用品		
101842	BE - 戶外與運動用品 - 運動健身與戶外休閒 - 板類運動 - 安全帽與護具		
101843	BE - 戶外與運動用品 - 運動健身與戶外休閒 - 板類運動 - 其他板類運動		
101840	BE - 戶外與運動用品 - 運動健身與戶外休閒 - 板類運動 - 滑板車與單輪車		
101839	BE - 戶外與運動用品 - 運動健身與戶外休閒 - 板類運動 - 滑板與直排輪		
101841	BE - 戶外與運動用品 - 運動健身與戶外休閒 - 板類運動 - 電動滑板車與平衡車		
101296	BE - 戶外與運動用品 - 運動健身與戶外休閒 - 飛鏢		
101844	BE - 戶外與運動用品 - 運動健身與戶外休閒 - 射箭 - 弓		
101846	BE - 戶外與運動用品 - 運動健身與戶外休閒 - 射箭 - 其他射箭用品		
101845	BE - 戶外與運動用品 - 運動健身與戶外休閒 - 射箭 - 箭		
101869	BE - 戶外與運動用品 - 運動健身與戶外休閒 - 拳擊與武術 - 沙袋與沙包		
101872	BE - 戶外與運動用品 - 運動健身與戶外休閒 - 拳擊與武術 - 其他拳擊與武術相關用品		
101870	BE - 戶外與運動用品 - 運動健身與戶外休閒 - 拳擊與武術 - 武術腰帶		
101871	BE - 戶外與運動用品 - 運動健身與戶外休閒 - 拳擊與武術 - 拳擊手套/繃帶/護具		
101877	BE - 戶外與運動用品 - 運動健身與戶外休閒 - 高爾夫 - 其他高爾夫相關用品		
101875	BE - 戶外與運動用品 - 運動健身與戶外休閒 - 高爾夫 - 高爾夫訓練裝備		
101873	BE - 戶外與運動用品 - 運動健身與戶外休閒 - 高爾夫 - 高爾夫球		
101874	BE - 戶外與運動用品 - 運動健身與戶外休閒 - 高爾夫 - 高爾夫球桿		
101876	BE - 戶外與運動用品 - 運動健身與戶外休閒 - 高爾夫 - 高爾夫球袋及包款		
101895	BE - 戶外與運動用品 - 運動健身與戶外休閒 - 健身運動器材 - 引體向上桿及伏地挺身架		
101890	BE - 戶外與運動用品 - 運動健身與戶外休閒 - 健身運動器材 - 重量訓練器材		
101892	BE - 戶外與運動用品 - 運動健身與戶外休閒 - 健身運動器材 - 健身球/瑜珈球		
101893	BE - 戶外與運動用品 - 運動健身與戶外休閒 - 健身運動器材 - 健身器材		
101894	BE - 戶外與運動用品 - 運動健身與戶外休閒 - 健身運動器材 - 健腹輪及滾輪		
101896	BE - 戶外與運動用品 - 運動健身與戶外休閒 - 健身運動器材 - 搖搖杯、運動水壺及其他運動健身用品		
101891	BE - 戶外與運動用品 - 運動健身與戶外休閒 - 健身運動器材 - 跳繩		
101856	BE - 戶外與運動用品 - 運動健身與戶外休閒 - 排球 - 其他排球相關用品		
101854	BE - 戶外與運動用品 - 運動健身與戶外休閒 - 排球 - 排球		
101855	BE - 戶外與運動用品 - 運動健身與戶外休閒 - 排球 - 排球網		
101823	BE - 戶外與運動用品 - 運動健身與戶外休閒 - 釣魚/釣蝦 - 其他釣具		
101817	BE - 戶外與運動用品 - 運動健身與戶外休閒 - 釣魚/釣蝦 - 釣竿和捲線器		
101821	BE - 戶外與運動用品 - 運動健身與戶外休閒 - 釣魚/釣蝦 - 釣魚包及工具箱		
101819	BE - 戶外與運動用品 - 運動健身與戶外休閒 - 釣魚/釣蝦 - 釣線		
101818	BE - 戶外與運動用品 - 運動健身與戶外休閒 - 釣魚/釣蝦 - 魚群探測器		
101816	BE - 戶外與運動用品 - 運動健身與戶外休閒 - 釣魚/釣蝦 - 魚鉤		
101820	BE - 戶外與運動用品 - 運動健身與戶外休閒 - 釣魚/釣蝦 - 路亞餌和魚餌		
101822	BE - 戶外與運動用品 - 運動健身與戶外休閒 - 釣魚/釣蝦 - 漁網		
101285	BE - 戶外與運動用品 - 運動健身與戶外休閒 - 棒球與壘球		
101878	BE - 戶外與運動用品 - 運動健身與戶外休閒 - 游泳與潛水 - 泳帽		
101879	BE - 戶外與運動用品 - 運動健身與戶外休閒 - 游泳與潛水 - 泳鏡		
101880	BE - 戶外與運動用品 - 運動健身與戶外休閒 - 游泳與潛水 - 浮板		
101884	BE - 戶外與運動用品 - 運動健身與戶外休閒 - 游泳與潛水 - 救生衣		
101883	BE - 戶外與運動用品 - 運動健身與戶外休閒 - 游泳與潛水 - 蛙鞋		
101882	BE - 戶外與運動用品 - 運動健身與戶外休閒 - 游泳與潛水 - 潛水面罩		
101881	BE - 戶外與運動用品 - 運動健身與戶外休閒 - 游泳與潛水 - 潛水燈具		
101885	BE - 戶外與運動用品 - 運動健身與戶外休閒 - 游泳與潛水 - 戲水休閒用品及其他游泳用品		
101838	BE - 戶外與運動用品 - 運動健身與戶外休閒 - 登山、露營 - 戶外防蟲及其他登山露營用品		
101835	BE - 戶外與運動用品 - 運動健身與戶外休閒 - 登山、露營 - 吊床及其他戶外可攜式用具		
101834	BE - 戶外與運動用品 - 運動健身與戶外休閒 - 登山、露營 - 安全求助防身		
101833	BE - 戶外與運動用品 - 運動健身與戶外休閒 - 登山、露營 - 指南針、指北針		
101830	BE - 戶外與運動用品 - 運動健身與戶外休閒 - 登山、露營 - 帳篷與相關用品		
101832	BE - 戶外與運動用品 - 運動健身與戶外休閒 - 登山、露營 - 望遠鏡及相關用品		
101828	BE - 戶外與運動用品 - 運動健身與戶外休閒 - 登山、露營 - 野炊器具		
101837	BE - 戶外與運動用品 - 運動健身與戶外休閒 - 登山、露營 - 野餐相關		
101836	BE - 戶外與運動用品 - 運動健身與戶外休閒 - 登山、露營 - 登山杖、登山用具		
101829	BE - 戶外與運動用品 - 運動健身與戶外休閒 - 登山、露營 - 照明燈具		
101831	BE - 戶外與運動用品 - 運動健身與戶外休閒 - 登山、露營 - 睡袋寢具及戶外保暖用品		
101291	BE - 戶外與運動用品 - 運動健身與戶外休閒 - 滑雪與冬季運動		
101889	BE - 戶外與運動用品 - 運動健身與戶外休閒 - 瑜珈與皮拉提斯 - 其他瑜珈用品		
101888	BE - 戶外與運動用品 - 運動健身與戶外休閒 - 瑜珈與皮拉提斯 - 阻力帶		
101886	BE - 戶外與運動用品 - 運動健身與戶外休閒 - 瑜珈與皮拉提斯 - 瑜珈墊		
101887	BE - 戶外與運動用品 - 運動健身與戶外休閒 - 瑜珈與皮拉提斯 - 瑜珈磚/瑜珈圈/瑜珈柱		
101826	BE - 戶外與運動用品 - 運動健身與戶外休閒 - 腳踏車、自行車 - 安全帽、小帽及相關穿戴配件		
101824	BE - 戶外與運動用品 - 運動健身與戶外休閒 - 腳踏車、自行車 - 腳踏車、自行車本體		
101827	BE - 戶外與運動用品 - 運動健身與戶外休閒 - 腳踏車、自行車 - 腳踏車周邊用品/車衣車褲		
101825	BE - 戶外與運動用品 - 運動健身與戶外休閒 - 腳踏車、自行車 - 腳踏車零組件與配件		
101864	BE - 戶外與運動用品 - 運動健身與戶外休閒 - 網球 - 其他網球相關用品		
101862	BE - 戶外與運動用品 - 運動健身與戶外休閒 - 網球 - 網球		
101861	BE - 戶外與運動用品 - 運動健身與戶外休閒 - 網球 - 網球拍		
101863	BE - 戶外與運動用品 - 運動健身與戶外休閒 - 網球 - 網球網		
101289	BE - 戶外與運動用品 - 運動健身與戶外休閒 - 撞球		
101290	BE - 戶外與運動用品 - 運動健身與戶外休閒 - 衝浪與滑水		
101286	BE - 戶外與運動用品 - 運動健身與戶外休閒 - 壁球		
101288	BE - 戶外與運動用品 - 運動健身與戶外休閒 - 橄欖球及美式足球		
101274	BE - 戶外與運動用品 - 運動健身與戶外休閒 - 攀岩與抱石		
101853	BE - 戶外與運動用品 - 運動健身與戶外休閒 - 籃球 - 其他籃球相關用品		
101851	BE - 戶外與運動用品 - 運動健身與戶外休閒 - 籃球 - 籃球		
101852	BE - 戶外與運動用品 - 運動健身與戶外休閒 - 籃球 - 籃球框/籃球網		
101303	BE - 戶外與運動用品 - 運動鞋/戶外鞋 - 羽毛球鞋		
101306	BE - 戶外與運動用品 - 運動鞋/戶外鞋 - 足球鞋		
101307	BE - 戶外與運動用品 - 運動鞋/戶外鞋 - 兒童運動鞋 / 兒童運動涼拖鞋		
101308	BE - 戶外與運動用品 - 運動鞋/戶外鞋 - 其他運動鞋		
101304	BE - 戶外與運動用品 - 運動鞋/戶外鞋 - 室內足球鞋		
101300	BE - 戶外與運動用品 - 運動鞋/戶外鞋 - 訓練鞋		
101302	BE - 戶外與運動用品 - 運動鞋/戶外鞋 - 排球鞋		
101305	BE - 戶外與運動用品 - 運動鞋/戶外鞋 - 登山鞋及其他戶外功能鞋款		
101299	BE - 戶外與運動用品 - 運動鞋/戶外鞋 - 慢跑鞋		
101301	BE - 戶外與運動用品 - 運動鞋/戶外鞋 - 網球鞋		
101298	BE - 戶外與運動用品 - 運動鞋/戶外鞋 - 籃球鞋		
100073	BE - 手機平板與周邊 - 手機		
100279	BE - 手機平板與周邊 - 手機周邊配件 - 手機支架		
100280	BE - 手機平板與周邊 - 手機周邊配件 - 手機掛繩與吊飾		
100283	BE - 手機平板與周邊 - 手機周邊配件 - 手機袋/ 防水袋		
100483	BE - 手機平板與周邊 - 手機周邊配件 - 充電傳輸與轉接設備 - 充電座/ 充電盤		
100482	BE - 手機平板與周邊 - 手機周邊配件 - 充電傳輸與轉接設備 - 充電器		
100484	BE - 手機平板與周邊 - 手機周邊配件 - 充電傳輸與轉接設備 - 其他		
100480	BE - 手機平板與周邊 - 手機周邊配件 - 充電傳輸與轉接設備 - 旅遊轉接頭		
100479	BE - 手機平板與周邊 - 手機周邊配件 - 充電傳輸與轉接設備 - 集線器		
100481	BE - 手機平板與周邊 - 手機周邊配件 - 充電傳輸與轉接設備 - 傳輸線/轉接頭		
100276	BE - 手機平板與周邊 - 手機周邊配件 - 自拍補光燈		
100487	BE - 手機平板與周邊 - 手機周邊配件 - 行動電源與電池 - 充電手機殼		
100486	BE - 手機平板與周邊 - 手機周邊配件 - 行動電源與電池 - 行動電源		
100488	BE - 手機平板與周邊 - 手機周邊配件 - 行動電源與電池 - 其他		
100485	BE - 手機平板與周邊 - 手機周邊配件 - 行動電源與電池 - 電池		
100291	BE - 手機平板與周邊 - 手機周邊配件 - 其他		
100475	BE - 手機平板與周邊 - 手機周邊配件 - 拍照周邊 - 自拍棒		
100478	BE - 手機平板與周邊 - 手機周邊配件 - 拍照周邊 - 其他		
100477	BE - 手機平板與周邊 - 手機周邊配件 - 拍照周邊 - 藍牙自拍棒/ 線控自拍棒		
100476	BE - 手機平板與周邊 - 手機周邊配件 - 拍照周邊 - 懶人立架/ 懶人支架		
100490	BE - 手機平板與周邊 - 手機周邊配件 - 保護殼 - 手機保護周邊		
100489	BE - 手機平板與周邊 - 手機周邊配件 - 保護殼 - 平板保護周邊		
100491	BE - 手機平板與周邊 - 手機周邊配件 - 保護殼 - 其他		
100288	BE - 手機平板與周邊 - 手機周邊配件 - 穿戴裝置配件		
100281	BE - 手機平板與周邊 - 手機周邊配件 - 記憶卡		
100275	BE - 手機平板與周邊 - 手機周邊配件 - 廣角鏡頭		
100289	BE - 手機平板與周邊 - 手機周邊配件 - 螢幕保護貼		
100282	BE - 手機平板與周邊 - 手機周邊配件 - 轉接電視棒/ HDMI分享器		
100278	BE - 手機平板與周邊 - 手機周邊配件 - 觸控筆		
100277	BE - 手機平板與周邊 - 手機周邊配件 - USB風扇/ 手持風扇		
100285	BE - 手機平板與周邊 - 手機周邊配件 - USB隨行燈		
100286	BE - 手機平板與周邊 - 手機周邊配件 - Wifi隨身路由器		
100072	BE - 手機平板與周邊 - 平板電腦		
100077	BE - 手機平板與周邊 - 其他		
100273	BE - 手機平板與周邊 - 穿戴裝置 - 其他		
100270	BE - 手機平板與周邊 - 穿戴裝置 - 智慧手錶與手環		
100272	BE - 手機平板與周邊 - 穿戴裝置 - GPS紀錄器		
100271	BE - 手機平板與周邊 - 穿戴裝置 - VR設備		
100071	BE - 手機平板與周邊 - 電話、儲值卡		
100076	BE - 手機平板與周邊 - 對講機		
100573	BE - 手錶 - 女錶		
100618	BE - 手錶 - 手錶配件 - 手錶收納盒		
100617	BE - 手錶 - 手錶配件 - 手錶電池		
100615	BE - 手錶 - 手錶配件 - 手錶維修工具		
100616	BE - 手錶 - 手錶配件 - 手錶錶扣		
100614	BE - 手錶 - 手錶配件 - 手錶錶帶		
100619	BE - 手錶 - 手錶配件 - 其他手錶配件		
100574	BE - 手錶 - 男錶		
100577	BE - 手錶 - 其他		
100575	BE - 手錶 - 情侶對錶/手錶禮盒		
101342	BE - 文具、美術用具 - 文具用品、修正用品 - 其他		
101340	BE - 文具、美術用具 - 文具用品、修正用品 - 麥克筆		
101337	BE - 文具、美術用具 - 文具用品、修正用品 - 筆和墨水		
101338	BE - 文具、美術用具 - 文具用品、修正用品 - 鉛筆		
101339	BE - 文具、美術用具 - 文具用品、修正用品 - 橡皮擦、修正用品		
101341	BE - 文具、美術用具 - 文具用品、修正用品 - 螢光筆		
100736	BE - 文具、美術用具 - 其他		
101384	BE - 文具、美術用具 - 信紙、信封 - 其他		
101382	BE - 文具、美術用具 - 信紙、信封 - 明信片		
101381	BE - 文具、美術用具 - 信紙、信封 - 信封、紅包袋		
101383	BE - 文具、美術用具 - 信紙、信封 - 郵票		
101363	BE - 文具、美術用具 - 美術用具 - 水彩、廣告顏料		
101370	BE - 文具、美術用具 - 美術用具 - 其他		
101364	BE - 文具、美術用具 - 美術用具 - 油畫顏料		
101369	BE - 文具、美術用具 - 美術用具 - 素描本		
101361	BE - 文具、美術用具 - 美術用具 - 彩色鉛筆		
101368	BE - 文具、美術用具 - 美術用具 - 畫布、畫架		
101366	BE - 文具、美術用具 - 美術用具 - 畫筆、刷具		
101367	BE - 文具、美術用具 - 美術用具 - 調色盤		
101365	BE - 文具、美術用具 - 美術用具 - 壓克力顏料		
101362	BE - 文具、美術用具 - 美術用具 - 蠟筆、粉彩筆		
101380	BE - 文具、美術用具 - 筆記本、紙製品 - 其他		
101375	BE - 文具、美術用具 - 筆記本、紙製品 - 活頁紙		
101377	BE - 文具、美術用具 - 筆記本、紙製品 - 美術紙、硬紙板		
101372	BE - 文具、美術用具 - 筆記本、紙製品 - 書套		
101371	BE - 文具、美術用具 - 筆記本、紙製品 - 書籤		
101376	BE - 文具、美術用具 - 筆記本、紙製品 - 備忘錄、便利貼		
101378	BE - 文具、美術用具 - 筆記本、紙製品 - 筆記本、記事本		
101373	BE - 文具、美術用具 - 筆記本、紙製品 - 感熱紙、打印紙		
101374	BE - 文具、美術用具 - 筆記本、紙製品 - 影印紙		
101379	BE - 文具、美術用具 - 筆記本、紙製品 - 標籤、貼紙		
101357	BE - 文具、美術用具 - 學校、辦公用品 - 尺、量角器		
101356	BE - 文具、美術用具 - 學校、辦公用品 - 文件夾、資料夾		
101351	BE - 文具、美術用具 - 學校、辦公用品 - 打孔器、打洞機		
101353	BE - 文具、美術用具 - 學校、辦公用品 - 印章墨水、印章、印泥		
101355	BE - 文具、美術用具 - 學校、辦公用品 - 行事曆、桌曆、年曆		
101350	BE - 文具、美術用具 - 學校、辦公用品 - 夾子、別針、大頭針、迴紋針		
101360	BE - 文具、美術用具 - 學校、辦公用品 - 其他		
101358	BE - 文具、美術用具 - 學校、辦公用品 - 削鉛筆機		
101345	BE - 文具、美術用具 - 學校、辦公用品 - 美工刀、裁切紙機		
101354	BE - 文具、美術用具 - 學校、辦公用品 - 訂書機、訂書釘		
101344	BE - 文具、美術用具 - 學校、辦公用品 - 計算器		
101352	BE - 文具、美術用具 - 學校、辦公用品 - 剪刀		
101359	BE - 文具、美術用具 - 學校、辦公用品 - 鉛筆盒		
101343	BE - 文具、美術用具 - 學校、辦公用品 - 寫字板、黑板、白板		
101348	BE - 文具、美術用具 - 學校、辦公用品 - 標籤打印機		
101347	BE - 文具、美術用具 - 學校、辦公用品 - 膠水		
101346	BE - 文具、美術用具 - 學校、辦公用品 - 膠帶		
101349	BE - 文具、美術用具 - 學校、辦公用品 - 頸掛繩、證件夾套、識別證		
101336	BE - 文具、美術用具 - 禮品盒、包裝材料 - 其他		
101334	BE - 文具、美術用具 - 禮品盒、包裝材料 - 泡泡紙		
101335	BE - 文具、美術用具 - 禮品盒、包裝材料 - 紙箱		
101333	BE - 文具、美術用具 - 禮品盒、包裝材料 - 緞帶		
101330	BE - 文具、美術用具 - 禮品盒、包裝材料 - 禮品包裝紙		
101331	BE - 文具、美術用具 - 禮品盒、包裝材料 - 禮品盒		
101332	BE - 文具、美術用具 - 禮品盒、包裝材料 - 禮品袋		
100962	BE - 母嬰用品 - 孕婦用品 - 孕婦枕		
100961	BE - 母嬰用品 - 孕婦用品 - 托腹帶、束腹帶		
100963	BE - 母嬰用品 - 孕婦用品 - 其他		
100966	BE - 母嬰用品 - 孕婦保健 - 孕期保養		
100965	BE - 母嬰用品 - 孕婦保健 - 孕補食品		
100967	BE - 母嬰用品 - 孕婦保健 - 其他		
100964	BE - 母嬰用品 - 孕婦保健 - 媽媽奶粉		
101004	BE - 母嬰用品 - 尿布、學習便器 - 布尿布及配件		
101002	BE - 母嬰用品 - 尿布、學習便器 - 兒童馬桶、學習便器		
101005	BE - 母嬰用品 - 尿布、學習便器 - 其他		
101003	BE - 母嬰用品 - 尿布、學習便器 - 紙尿褲		
101001	BE - 母嬰用品 - 尿布、學習便器 - 隔尿墊、防水墊		
100686	BE - 母嬰用品 - 其他		
101010	BE - 母嬰用品 - 玩具 - 交通造型玩具		
101015	BE - 母嬰用品 - 玩具 - 其他		
101013	BE - 母嬰用品 - 玩具 - 玩具機器人		
101723	BE - 母嬰用品 - 玩具 - 娃娃、填充玩具 - 其他		
101720	BE - 母嬰用品 - 玩具 - 娃娃、填充玩具 - 娃娃及配件		
101721	BE - 母嬰用品 - 玩具 - 娃娃、填充玩具 - 娃娃屋及配件		
101722	BE - 母嬰用品 - 玩具 - 娃娃、填充玩具 - 填充玩具		
101009	BE - 母嬰用品 - 玩具 - 家家酒玩具		
101725	BE - 母嬰用品 - 玩具 - 運動、戶外玩具 - 充氣類玩具		
101731	BE - 母嬰用品 - 玩具 - 運動、戶外玩具 - 其他		
101727	BE - 母嬰用品 - 玩具 - 運動、戶外玩具 - 泳池、沙灘玩具、戲水玩具		
101730	BE - 母嬰用品 - 玩具 - 運動、戶外玩具 - 飛行玩具、風箏、風車		
101726	BE - 母嬰用品 - 玩具 - 運動、戶外玩具 - 帳篷、遊戲隧道、球池		
101729	BE - 母嬰用品 - 玩具 - 運動、戶外玩具 - 運動玩具		
101728	BE - 母嬰用品 - 玩具 - 運動、戶外玩具 - 聲光玩具槍		
101724	BE - 母嬰用品 - 玩具 - 運動、戶外玩具 - 騎乘類玩具		
101739	BE - 母嬰用品 - 玩具 - 學習教具 - 其他		
101738	BE - 母嬰用品 - 玩具 - 學習教具 - 玩具平板、玩具電腦		
101736	BE - 母嬰用品 - 玩具 - 學習教具 - 拼圖教具		
101734	BE - 母嬰用品 - 玩具 - 學習教具 - 科學玩具		
101737	BE - 母嬰用品 - 玩具 - 學習教具 - 音樂玩具		
101735	BE - 母嬰用品 - 玩具 - 學習教具 - 益智玩具		
101733	BE - 母嬰用品 - 玩具 - 學習教具 - 數學玩具		
101732	BE - 母嬰用品 - 玩具 - 學習教具 - 繪畫用具		
101007	BE - 母嬰用品 - 玩具 - 積木玩具		
101719	BE - 母嬰用品 - 玩具 - 嬰幼童玩具 - 其他		
101718	BE - 母嬰用品 - 玩具 - 嬰幼童玩具 - 固齒器		
101716	BE - 母嬰用品 - 玩具 - 嬰幼童玩具 - 洗澡玩具		
101714	BE - 母嬰用品 - 玩具 - 嬰幼童玩具 - 健力架、遊戲地墊		
101717	BE - 母嬰用品 - 玩具 - 嬰幼童玩具 - 掛鈴、搖鈴		
101715	BE - 母嬰用品 - 玩具 - 嬰幼童玩具 - 遊戲圍欄		
101014	BE - 母嬰用品 - 玩具 - 黏土、按壓玩具		
101692	BE - 母嬰用品 - 哺育用品 - 奶瓶 - 奶瓶及配件		
101695	BE - 母嬰用品 - 哺育用品 - 奶瓶 - 奶瓶消毒鍋		
101693	BE - 母嬰用品 - 哺育用品 - 奶瓶 - 奶瓶清潔/奶瓶刷		
101696	BE - 母嬰用品 - 哺育用品 - 奶瓶 - 其他		
101691	BE - 母嬰用品 - 哺育用品 - 奶瓶 - 保溫袋		
101694	BE - 母嬰用品 - 哺育用品 - 奶瓶 - 溫奶器		
100958	BE - 母嬰用品 - 哺育用品 - 奶嘴		
100955	BE - 母嬰用品 - 哺育用品 - 用餐椅		
100960	BE - 母嬰用品 - 哺育用品 - 其他		
101700	BE - 母嬰用品 - 哺育用品 - 授乳用品 - 母乳袋		
101697	BE - 母嬰用品 - 哺育用品 - 授乳用品 - 吸乳器及配件		
101701	BE - 母嬰用品 - 哺育用品 - 授乳用品 - 其他		
101699	BE - 母嬰用品 - 哺育用品 - 授乳用品 - 哺乳巾		
101698	BE - 母嬰用品 - 哺育用品 - 授乳用品 - 溢乳墊		
100957	BE - 母嬰用品 - 哺育用品 - 圍兜、口水巾		
101702	BE - 母嬰用品 - 哺育用品 - 餐具 - 水壺、學習杯		
101703	BE - 母嬰用品 - 哺育用品 - 餐具 - 兒童餐具		
101705	BE - 母嬰用品 - 哺育用品 - 餐具 - 其他		
101704	BE - 母嬰用品 - 哺育用品 - 餐具 - 嬰幼兒食品分裝盒		
100959	BE - 母嬰用品 - 哺育用品 - 嬰幼兒食品調理機		
100969	BE - 母嬰用品 - 清潔與護膚用品 - 毛巾/浴巾		
100977	BE - 母嬰用品 - 清潔與護膚用品 - 其他		
100974	BE - 母嬰用品 - 清潔與護膚用品 - 指甲/頭髮護理		
100976	BE - 母嬰用品 - 清潔與護膚用品 - 洗衣精		
100971	BE - 母嬰用品 - 清潔與護膚用品 - 洗澡用具		
100968	BE - 母嬰用品 - 清潔與護膚用品 - 浴盆		
100970	BE - 母嬰用品 - 清潔與護膚用品 - 浴帽		
100975	BE - 母嬰用品 - 清潔與護膚用品 - 濕紙巾		
100973	BE - 母嬰用品 - 清潔與護膚用品 - 寶寶香水		
100972	BE - 母嬰用品 - 清潔與護膚用品 - 護髮/沐浴液		
100946	BE - 母嬰用品 - 嬰幼兒外出用品 - 手推車		
100947	BE - 母嬰用品 - 嬰幼兒外出用品 - 手推車配件		
100948	BE - 母嬰用品 - 嬰幼兒外出用品 - 汽車安全座椅		
100949	BE - 母嬰用品 - 嬰幼兒外出用品 - 汽車座椅配件		
100951	BE - 母嬰用品 - 嬰幼兒外出用品 - 防走失用品		
100952	BE - 母嬰用品 - 嬰幼兒外出用品 - 其他		
100945	BE - 母嬰用品 - 嬰幼兒外出用品 - 背巾、背帶		
100950	BE - 母嬰用品 - 嬰幼兒外出用品 - 媽媽包		
100988	BE - 母嬰用品 - 嬰幼兒居家防護 - 安全門、防護欄		
100989	BE - 母嬰用品 - 嬰幼兒居家防護 - 安全鎖		
100984	BE - 母嬰用品 - 嬰幼兒居家防護 - 兒童監視器		
100990	BE - 母嬰用品 - 嬰幼兒居家防護 - 其他		
100985	BE - 母嬰用品 - 嬰幼兒居家防護 - 蚊帳		
100986	BE - 母嬰用品 - 嬰幼兒居家防護 - 嬰兒床護欄		
100987	BE - 母嬰用品 - 嬰幼兒居家防護 - 嬰兒防撞用品		
100991	BE - 母嬰用品 - 嬰幼童奶粉、副食品 - 奶粉		
100994	BE - 母嬰用品 - 嬰幼童奶粉、副食品 - 其他		
100992	BE - 母嬰用品 - 嬰幼童奶粉、副食品 - 副食品		
100993	BE - 母嬰用品 - 嬰幼童奶粉、副食品 - 寶寶零食		
102070	BE - 母嬰用品 - 嬰幼童奶粉、副食品 - Ready-to-Drink Milk		
100999	BE - 母嬰用品 - 嬰幼童保健相關 - 防曬		
101000	BE - 母嬰用品 - 嬰幼童保健相關 - 其他		
100996	BE - 母嬰用品 - 嬰幼童保健相關 - 鼻腔護理用品		
100998	BE - 母嬰用品 - 嬰幼童保健相關 - 嬰幼童口腔護理用品		
100995	BE - 母嬰用品 - 嬰幼童保健相關 - 嬰幼童維他命、補給品		
101710	BE - 母嬰用品 - 嬰幼童保健相關 - 嬰幼童護膚產品 - 乳液、乳霜		
101713	BE - 母嬰用品 - 嬰幼童保健相關 - 嬰幼童護膚產品 - 其他		
101712	BE - 母嬰用品 - 嬰幼童保健相關 - 嬰幼童護膚產品 - 爽身粉		
101711	BE - 母嬰用品 - 嬰幼童保健相關 - 嬰幼童護膚產品 - 嬰兒油		
100979	BE - 母嬰用品 - 嬰幼童家具、寢具 - 安撫躺/搖椅		
100983	BE - 母嬰用品 - 嬰幼童家具、寢具 - 其他		
100980	BE - 母嬰用品 - 嬰幼童家具、寢具 - 學步車		
101709	BE - 母嬰用品 - 嬰幼童家具、寢具 - 嬰幼童寢具 - 其他		
101708	BE - 母嬰用品 - 嬰幼童家具、寢具 - 嬰幼童寢具 - 嬰幼童床包		
101707	BE - 母嬰用品 - 嬰幼童家具、寢具 - 嬰幼童寢具 - 嬰兒枕		
101706	BE - 母嬰用品 - 嬰幼童家具、寢具 - 嬰幼童寢具 - 嬰兒被、防踢被		
100978	BE - 母嬰用品 - 嬰幼童家具、寢具 - 嬰兒床		
100982	BE - 母嬰用品 - 嬰幼童家具、寢具 - 嬰兒床收納用品		
100685	BE - 母嬰用品 - 禮盒		
100746	BE - 汽車類 - 汽車		
101454	BE - 汽車類 - 汽車零件 - 皮帶、油管及滑輪		
101903	BE - 汽車類 - 汽車零件 - 汽車引擎零件 - 汽車空調濾芯		
101902	BE - 汽車類 - 汽車零件 - 汽車引擎零件 - 汽車活塞		
101904	BE - 汽車類 - 汽車零件 - 汽車引擎零件 - 汽車機油濾芯		
101905	BE - 汽車類 - 汽車零件 - 汽車引擎零件 - 其他		
101451	BE - 汽車類 - 汽車零件 - 汽車軸承		
101443	BE - 汽車類 - 汽車零件 - 車體及保險桿		
101457	BE - 汽車類 - 汽車零件 - 其他		
101444	BE - 汽車類 - 汽車零件 - 雨刷及噴水嘴		
101453	BE - 汽車類 - 汽車零件 - 剎車系統		
101449	BE - 汽車類 - 汽車零件 - 排風扇及散熱器		
101445	BE - 汽車類 - 汽車零件 - 排氣管		
101930	BE - 汽車類 - 汽車零件 - 電系零件 - 汽車點火裝置 - 汽車火星塞		
101929	BE - 汽車類 - 汽車零件 - 電系零件 - 汽車點火裝置 - 汽車點火線圈		
101931	BE - 汽車類 - 汽車零件 - 電系零件 - 汽車點火裝置 - 其他		
101908	BE - 汽車類 - 汽車零件 - 電系零件 - 車燈		
101909	BE - 汽車類 - 汽車零件 - 電系零件 - 其他		
101907	BE - 汽車類 - 汽車零件 - 電系零件 - 電瓶及周邊		
101447	BE - 汽車類 - 汽車零件 - 輪胎及周邊		
101446	BE - 汽車類 - 汽車零件 - 輪框及周邊		
101456	BE - 汽車類 - 汽車零件 - 燃油系統		
101450	BE - 汽車類 - 汽車零件 - 離合器及傳動軸		
101448	BE - 汽車類 - 汽車零件 - 懸吊系統及避震器		
101463	BE - 汽車類 - 汽機車美容用品 - 內飾清潔保養用品		
101466	BE - 汽車類 - 汽機車美容用品 - 其他		
101465	BE - 汽車類 - 汽機車美容用品 - 拋光鍍膜用品		
101462	BE - 汽車類 - 汽機車美容用品 - 玻璃清潔及撥水劑用品		
101461	BE - 汽車類 - 汽機車美容用品 - 清洗及打蠟用品		
101464	BE - 汽車類 - 汽機車美容用品 - 輪胎及鋁圈保養用品		
101424	BE - 汽車類 - 車內周邊百貨 - 手機支架		
101422	BE - 汽車類 - 車內周邊百貨 - 方向盤及方向盤套		
101429	BE - 汽車類 - 車內周邊百貨 - 行車記錄器		
101421	BE - 汽車類 - 車內周邊百貨 - 汽車床墊		
101419	BE - 汽車類 - 車內周邊百貨 - 車用地墊及行李箱墊		
101417	BE - 汽車類 - 車內周邊百貨 - 車用收納		
101418	BE - 汽車類 - 車內周邊百貨 - 車用芳香及空氣清淨機		
101420	BE - 汽車類 - 車內周邊百貨 - 車用頭枕及腰靠墊		
101428	BE - 汽車類 - 車內周邊百貨 - 防盜器材		
101431	BE - 汽車類 - 車內周邊百貨 - 其他		
101430	BE - 汽車類 - 車內周邊百貨 - 抬頭顯示器及儀錶板		
101423	BE - 汽車類 - 車內周邊百貨 - 座椅及座椅套		
101426	BE - 汽車類 - 車內周邊百貨 - 腳踏板及變速桿		
101415	BE - 汽車類 - 車內周邊百貨 - 導航、車載接收器		
101427	BE - 汽車類 - 車內周邊百貨 - 遮陽隔熱		
101416	BE - 汽車類 - 車內周邊百貨 - 擴音器、揚聲器及重低音喇叭		
101425	BE - 汽車類 - 車內周邊百貨 - USB車充、車載藍芽接收器		
101434	BE - 汽車類 - 車外裝飾及百貨 - 汽車車罩		
101433	BE - 汽車類 - 車外裝飾及百貨 - 車用天線		
101439	BE - 汽車類 - 車外裝飾及百貨 - 車用喇叭及周邊		
101432	BE - 汽車類 - 車外裝飾及百貨 - 車身飾條		
101441	BE - 汽車類 - 車外裝飾及百貨 - 車牌框		
101438	BE - 汽車類 - 車外裝飾及百貨 - 車窗雨眉、晴雨擋		
101435	BE - 汽車類 - 車外裝飾及百貨 - 車貼、車標改裝		
101442	BE - 汽車類 - 車外裝飾及百貨 - 其他		
101437	BE - 汽車類 - 車外裝飾及百貨 - 門檻條、車門防撞條		
101440	BE - 汽車類 - 車外裝飾及百貨 - 後視鏡及周邊		
101436	BE - 汽車類 - 車外裝飾及百貨 - 擋泥板		
100754	BE - 汽車類 - 其他		
101470	BE - 汽車類 - 油品保養 - 冷卻劑		
101468	BE - 汽車類 - 油品保養 - 汽油柴油添加劑		
101912	BE - 汽車類 - 油品保養 - 汽機車油品 - 其他		
101910	BE - 汽車類 - 油品保養 - 汽機車油品 - 煞車油		
101911	BE - 汽車類 - 油品保養 - 汽機車油品 - 變速箱油		
101472	BE - 汽車類 - 油品保養 - 其他		
101469	BE - 汽車類 - 油品保養 - 潤滑油		
101467	BE - 汽車類 - 油品保養 - 機油		
101458	BE - 汽車類 - 保養維修工具 - 汽車測試診斷維修工具		
101460	BE - 汽車類 - 保養維修工具 - 其他		
101459	BE - 汽車類 - 保養維修工具 - 胎壓偵測器		
100753	BE - 汽車類 - 鑰匙圈及鑰匙套		
100567	BE - 男生包包 - 公事包		
100568	BE - 男生包包 - 手拿包		
100611	BE - 男生包包 - 皮夾 - 中夾/短夾		
100610	BE - 男生包包 - 皮夾 - 手機包/鑰匙包		
100608	BE - 男生包包 - 皮夾 - 卡夾		
100613	BE - 男生包包 - 皮夾 - 其他皮夾		
100612	BE - 男生包包 - 皮夾 - 長夾		
100609	BE - 男生包包 - 皮夾 - 零錢包		
100566	BE - 男生包包 - 托特包		
100572	BE - 男生包包 - 其他		
100564	BE - 男生包包 - 後背包		
100570	BE - 男生包包 - 側/肩背包		
100569	BE - 男生包包 - 腰包/胸包		
100604	BE - 男生包包 - 電腦包 - 手提斜背筆電包		
100607	BE - 男生包包 - 電腦包 - 其他		
100605	BE - 男生包包 - 電腦包 - 筆電套		
100606	BE - 男生包包 - 電腦包 - 電腦後背包		
100246	BE - 男生衣著 - 上衣 - 其他		
100245	BE - 男生衣著 - 上衣 - 坦克		
100242	BE - 男生衣著 - 上衣 - 襯衫		
100243	BE - 男生衣著 - 上衣 - Polo衫		
100244	BE - 男生衣著 - 上衣 - T恤		
100247	BE - 男生衣著 - 內著 - 內衣褲		
100250	BE - 男生衣著 - 內著 - 其他		
100249	BE - 男生衣著 - 內著 - 發熱內著		
100248	BE - 男生衣著 - 內著 - 衛生衣		
100049	BE - 男生衣著 - 毛衣, 針織		
100047	BE - 男生衣著 - 牛仔褲		
100229	BE - 男生衣著 - 外套, 風衣與背心 - 冬季外套 / 大衣		
100230	BE - 男生衣著 - 外套, 風衣與背心 - 外套		
100232	BE - 男生衣著 - 外套, 風衣與背心 - 其他		
100231	BE - 男生衣著 - 外套, 風衣與背心 - 背心		
100233	BE - 男生衣著 - 西裝 - 成套西裝		
100234	BE - 男生衣著 - 西裝 - 西裝外套		
100236	BE - 男生衣著 - 西裝 - 西裝背心		
100235	BE - 男生衣著 - 西裝 - 西裝褲		
100237	BE - 男生衣著 - 西裝 - 其他		
100061	BE - 男生衣著 - 其他		
100238	BE - 男生衣著 - 長褲 - 工作褲		
100241	BE - 男生衣著 - 長褲 - 其他		
100240	BE - 男生衣著 - 長褲 - 長褲		
100239	BE - 男生衣著 - 長褲 - 縮口褲		
100057	BE - 男生衣著 - 套裝		
100227	BE - 男生衣著 - 帽T, 大學T - 大學T		
100228	BE - 男生衣著 - 帽T, 大學T - 其他		
100226	BE - 男生衣著 - 帽T, 大學T - 帽T		
100053	BE - 男生衣著 - 短褲		
100251	BE - 男生衣著 - 傳統服飾 - 上身		
100252	BE - 男生衣著 - 傳統服飾 - 下身		
100254	BE - 男生衣著 - 傳統服飾 - 其他		
100253	BE - 男生衣著 - 傳統服飾 - 套裝		
100056	BE - 男生衣著 - 睡衣		
100059	BE - 男生衣著 - 戲服		
100060	BE - 男生衣著 - 職業制服		
100062	BE - 男生衣著 - 襪子		
100067	BE - 男鞋 - 牛津鞋/ 綁帶皮鞋		
100064	BE - 男鞋 - 休閒鞋款		
100070	BE - 男鞋 - 其他		
100259	BE - 男鞋 - 涼拖鞋 - 人字拖/ 夾腳拖		
100263	BE - 男鞋 - 涼拖鞋 - 其他涼拖鞋		
100261	BE - 男鞋 - 涼拖鞋 - 室內拖/ 室內拖鞋		
100262	BE - 男鞋 - 涼拖鞋 - 健康拖/ 健康拖鞋		
100260	BE - 男鞋 - 涼拖鞋 - 涼鞋		
100257	BE - 男鞋 - 靴子 - 安全靴/ 工作靴/ 鋼頭靴		
100258	BE - 男鞋 - 靴子 - 其他		
100256	BE - 男鞋 - 靴子 - 雨鞋		
100255	BE - 男鞋 - 靴子 - 時尚靴		
100066	BE - 男鞋 - 樂福鞋/ 帆船鞋		
100269	BE - 男鞋 - 鞋材/ 鞋類周邊 - 其他		
100265	BE - 男鞋 - 鞋材/ 鞋類周邊 - 除臭劑/ 除臭噴霧		
100264	BE - 男鞋 - 鞋材/ 鞋類周邊 - 鞋子清潔/ 鞋子清洗		
100267	BE - 男鞋 - 鞋材/ 鞋類周邊 - 鞋拔/ 鞋撐		
100266	BE - 男鞋 - 鞋材/ 鞋類周邊 - 鞋帶		
100268	BE - 男鞋 - 鞋材/ 鞋類周邊 - 鞋墊		
100065	BE - 男鞋 - 懶人鞋/ 穆勒鞋		
101187	BE - 居家生活 - 五金修繕、電動工具 - 工作防護		
101194	BE - 居家生活 - 五金修繕、電動工具 - 工具梯		
101794	BE - 居家生活 - 五金修繕、電動工具 - 手工具組 - 手工具組		
101805	BE - 居家生活 - 五金修繕、電動工具 - 手工具組 - 水平儀、測距輪		
101796	BE - 居家生活 - 五金修繕、電動工具 - 手工具組 - 扳手組		
101811	BE - 居家生活 - 五金修繕、電動工具 - 手工具組 - 其他		
101807	BE - 居家生活 - 五金修繕、電動工具 - 手工具組 - 空氣壓縮機、空壓機		
101808	BE - 居家生活 - 五金修繕、電動工具 - 手工具組 - 砂紙、磨切機與配件		
101799	BE - 居家生活 - 五金修繕、電動工具 - 手工具組 - 釘子，螺絲和緊固件		
101802	BE - 居家生活 - 五金修繕、電動工具 - 手工具組 - 高壓清洗機		
101795	BE - 居家生活 - 五金修繕、電動工具 - 手工具組 - 捲尺、檢測工具、其他測量		
101809	BE - 居家生活 - 五金修繕、電動工具 - 手工具組 - 焊接工具		
101806	BE - 居家生活 - 五金修繕、電動工具 - 手工具組 - 測距儀		
101803	BE - 居家生活 - 五金修繕、電動工具 - 手工具組 - 發電機		
101798	BE - 居家生活 - 五金修繕、電動工具 - 手工具組 - 鉗子		
101804	BE - 居家生活 - 五金修繕、電動工具 - 手工具組 - 電流表、三用電表		
101801	BE - 居家生活 - 五金修繕、電動工具 - 手工具組 - 電鋸、軍刀鋸、砂輪機、其他切割機		
101800	BE - 居家生活 - 五金修繕、電動工具 - 手工具組 - 電鑽、電動起子與配件		
101810	BE - 居家生活 - 五金修繕、電動工具 - 手工具組 - 鼓風機		
101797	BE - 居家生活 - 五金修繕、電動工具 - 手工具組 - 錘子		
101195	BE - 居家生活 - 五金修繕、電動工具 - 手推車		
101188	BE - 居家生活 - 五金修繕、電動工具 - 水龍頭、水料		
101199	BE - 居家生活 - 五金修繕、電動工具 - 其他		
101192	BE - 居家生活 - 五金修繕、電動工具 - 抽水機與配件		
101190	BE - 居家生活 - 五金修繕、電動工具 - 油漆、塗料		
101193	BE - 居家生活 - 五金修繕、電動工具 - 空氣幫浦、打氣機、氣動工具與配件		
101198	BE - 居家生活 - 五金修繕、電動工具 - 門窗、紗窗、窗框		
101189	BE - 居家生活 - 五金修繕、電動工具 - 屋頂磚、地板磚		
101197	BE - 居家生活 - 五金修繕、電動工具 - 建築材料		
101196	BE - 居家生活 - 五金修繕、電動工具 - 篷布、遮雨棚		
101186	BE - 居家生活 - 五金修繕、電動工具 - 黏接、修補膠帶		
101200	BE - 居家生活 - 日用品 - 大型曬衣支架、曬衣架		
101215	BE - 居家生活 - 日用品 - 其他		
101207	BE - 居家生活 - 日用品 - 垃圾桶		
101208	BE - 居家生活 - 日用品 - 垃圾袋		
101209	BE - 居家生活 - 日用品 - 抹布		
101204	BE - 居家生活 - 日用品 - 拖把		
101812	BE - 居家生活 - 日用品 - 洗衣精、衣物清潔劑 - 衣物芳香劑		
101813	BE - 居家生活 - 日用品 - 洗衣精、衣物清潔劑 - 衣物柔軟精		
101815	BE - 居家生活 - 日用品 - 洗衣精、衣物清潔劑 - 其他		
101814	BE - 居家生活 - 日用品 - 洗衣精、衣物清潔劑 - 洗衣精、洗衣粉、洗衣凝膠球		
101213	BE - 居家生活 - 日用品 - 家用清潔劑		
101206	BE - 居家生活 - 日用品 - 海綿、菜瓜布		
101203	BE - 居家生活 - 日用品 - 除塵用具、雞毛撢子		
101210	BE - 居家生活 - 日用品 - 除蟲消毒		
101202	BE - 居家生活 - 日用品 - 掃把		
101201	BE - 居家生活 - 日用品 - 清潔刷		
101212	BE - 居家生活 - 日用品 - 廁所用紙		
101211	BE - 居家生活 - 日用品 - 衛生紙、廚房紙巾		
101205	BE - 居家生活 - 日用品 - 臉盆、泡腳桶		
101240	BE - 居家生活 - 水杯瓶、餐廚配件 - 水杯、馬克杯		
101245	BE - 居家生活 - 水杯瓶、餐廚配件 - 吸管		
101248	BE - 居家生活 - 水杯瓶、餐廚配件 - 其他		
101241	BE - 居家生活 - 水杯瓶、餐廚配件 - 保溫杯、保溫瓶		
101238	BE - 居家生活 - 水杯瓶、餐廚配件 - 保溫壺、笛音壺	保溫壺/笛音壺/冷水壺/濾水壺、濾芯配件等	
101239	BE - 居家生活 - 水杯瓶、餐廚配件 - 茶壺、茶具		
101246	BE - 居家生活 - 水杯瓶、餐廚配件 - 菜罩、食物罩、餐桌罩		
101242	BE - 居家生活 - 水杯瓶、餐廚配件 - 碗盤器皿		
101243	BE - 居家生活 - 水杯瓶、餐廚配件 - 盤子		
101244	BE - 居家生活 - 水杯瓶、餐廚配件 - 餐具		
101247	BE - 居家生活 - 水杯瓶、餐廚配件 - 餐墊、杯墊		
101254	BE - 居家生活 - 收納 - 收納櫃、抽屜櫃		
101253	BE - 居家生活 - 收納 - 衣架、衣夾		
101259	BE - 居家生活 - 收納 - 衣櫥收納		
101262	BE - 居家生活 - 收納 - 其他		
101257	BE - 居家生活 - 收納 - 洗衣袋、洗衣籃		
101258	BE - 居家生活 - 收納 - 桌上收納		
101256	BE - 居家生活 - 收納 - 掛勾		
101260	BE - 居家生活 - 收納 - 飾品收納		
101261	BE - 居家生活 - 收納 - 衛生紙收納		
101255	BE - 居家生活 - 收納 - 鞋盒		
100724	BE - 居家生活 - 其他		
101252	BE - 居家生活 - 居安防護 - 其他		
101251	BE - 居家生活 - 居安防護 - 門窗鎖		
101249	BE - 居家生活 - 居安防護 - 保險櫃		
101250	BE - 居家生活 - 居安防護 - 消防器材		
101129	BE - 居家生活 - 居家香氛 - 水氧機、香薰機		
101130	BE - 居家生活 - 居家香氛 - 其他		
101128	BE - 居家生活 - 居家香氛 - 精油		
101127	BE - 居家生活 - 居家香氛 - 擴香瓶		
101159	BE - 居家生活 - 居家裝飾 - 地板貼、巧拼		
101160	BE - 居家生活 - 居家裝飾 - 地毯、地墊		
101165	BE - 居家生活 - 居家裝飾 - 其他		
101161	BE - 居家生活 - 居家裝飾 - 花瓶		
101156	BE - 居家生活 - 居家裝飾 - 相框、牆壁裝飾		
101158	BE - 居家生活 - 居家裝飾 - 時鐘、掛鐘		
101164	BE - 居家生活 - 居家裝飾 - 桌墊、桌布		
101153	BE - 居家生活 - 居家裝飾 - 乾燥花、鮮花、人造花		
101155	BE - 居家生活 - 居家裝飾 - 窗簾、門簾		
101154	BE - 居家生活 - 居家裝飾 - 電視罩、防塵蓋布		
101157	BE - 居家生活 - 居家裝飾 - 壁貼、窗貼		
101163	BE - 居家生活 - 居家裝飾 - 鏡子		
101162	BE - 居家生活 - 居家裝飾 - 蠟燭、燭臺		
100723	BE - 居家生活 - 風水、宗教商品		
101791	BE - 居家生活 - 浴室 - 毛巾、浴袍 - 毛巾、手巾		
101793	BE - 居家生活 - 浴室 - 毛巾、浴袍 - 其他		
101790	BE - 居家生活 - 浴室 - 毛巾、浴袍 - 浴巾		
101792	BE - 居家生活 - 浴室 - 毛巾、浴袍 - 浴袍		
101132	BE - 居家生活 - 浴室 - 牙刷架、擠牙膏器		
101141	BE - 居家生活 - 浴室 - 安全扶手		
101138	BE - 居家生活 - 浴室 - 沐浴刷、沐浴手套		
101140	BE - 居家生活 - 浴室 - 沐浴椅、馬桶椅		
101139	BE - 居家生活 - 浴室 - 防水浴簾		
101143	BE - 居家生活 - 浴室 - 其他		
101135	BE - 居家生活 - 浴室 - 浴缸、泡澡桶		
101142	BE - 居家生活 - 浴室 - 浴帽		
101134	BE - 居家生活 - 浴室 - 浴櫃		
101131	BE - 居家生活 - 浴室 - 馬桶、馬桶蓋		
101133	BE - 居家生活 - 浴室 - 給皂機、肥皂盒		
101137	BE - 居家生活 - 浴室 - 蓮蓬頭		
101170	BE - 居家生活 - 傢俱 - 衣櫃、衣櫥		
101168	BE - 居家生活 - 傢俱 - 床架		
101172	BE - 居家生活 - 傢俱 - 沙發		
101167	BE - 居家生活 - 傢俱 - 防撞條、護角、門檔		
101175	BE - 居家生活 - 傢俱 - 其他		
101166	BE - 居家生活 - 傢俱 - 抱枕、靠墊		
101169	BE - 居家生活 - 傢俱 - 桌子		
101173	BE - 居家生活 - 傢俱 - 茶櫃、櫥櫃		
101171	BE - 居家生活 - 傢俱 - 椅子		
101174	BE - 居家生活 - 傢俱 - 層架、置物架		
101182	BE - 居家生活 - 園藝植作 - 自動灌溉系統		
101184	BE - 居家生活 - 園藝植作 - 其他		
101179	BE - 居家生活 - 園藝植作 - 肥料		
101181	BE - 居家生活 - 園藝植作 - 花架、花盆、花器		
101185	BE - 居家生活 - 園藝植作 - 割草機		
101176	BE - 居家生活 - 園藝植作 - 植栽、盆栽		
101178	BE - 居家生活 - 園藝植作 - 園藝土壤		
101177	BE - 居家生活 - 園藝植作 - 園藝裝飾		
101183	BE - 居家生活 - 園藝植作 - 園藝器具		
101180	BE - 居家生活 - 園藝植作 - 種子、花苗		
100712	BE - 居家生活 - 暖暖包、冷熱水袋		
101264	BE - 居家生活 - 節慶、派對用品 - 夾子、裝飾夾		
101270	BE - 居家生活 - 節慶、派對用品 - 其他		
101265	BE - 居家生活 - 節慶、派對用品 - 活動背版		
101263	BE - 居家生活 - 節慶、派對用品 - 氣球、字母數字氣球		
101267	BE - 居家生活 - 節慶、派對用品 - 紙類餐盤、一次性餐具		
101269	BE - 居家生活 - 節慶、派對用品 - 彩帶、榮譽肩帶、頒獎肩帶		
101268	BE - 居家生活 - 節慶、派對用品 - 裝扮道具		
101266	BE - 居家生活 - 節慶、派對用品 - 邀請卡、卡片		
101144	BE - 居家生活 - 寢具 - 冰涼墊、蓆類		
101148	BE - 居家生活 - 寢具 - 床單、枕套、居家睡袋		
101149	BE - 居家生活 - 寢具 - 床墊		
101152	BE - 居家生活 - 寢具 - 其他		
101151	BE - 居家生活 - 寢具 - 抱枕、長抱枕		
101147	BE - 居家生活 - 寢具 - 枕頭、枕頭套		
101145	BE - 居家生活 - 寢具 - 保潔墊		
101150	BE - 居家生活 - 寢具 - 蚊帳		
101146	BE - 居家生活 - 寢具 - 毯子、被子、被套		
100719	BE - 居家生活 - 燈具		
101228	BE - 居家生活 - 鍋具、餐廚／烘焙／咖啡用具、廚房收納 - 刀具、料理用剪刀		
101236	BE - 居家生活 - 鍋具、餐廚／烘焙／咖啡用具、廚房收納 - 打火機與相關配件		
101229	BE - 居家生活 - 鍋具、餐廚／烘焙／咖啡用具、廚房收納 - 打蛋器、攪拌器		
101233	BE - 居家生活 - 鍋具、餐廚／烘焙／咖啡用具、廚房收納 - 刨刀、料理切菜機		
101237	BE - 居家生活 - 鍋具、餐廚／烘焙／咖啡用具、廚房收納 - 其他		
101218	BE - 居家生活 - 鍋具、餐廚／烘焙／咖啡用具、廚房收納 - 炒鍋、平底鍋		
101220	BE - 居家生活 - 鍋具、餐廚／烘焙／咖啡用具、廚房收納 - 保鮮盒、便當盒		
101221	BE - 居家生活 - 鍋具、餐廚／烘焙／咖啡用具、廚房收納 - 保鮮膜		
101226	BE - 居家生活 - 鍋具、餐廚／烘焙／咖啡用具、廚房收納 - 料理用具		
101231	BE - 居家生活 - 鍋具、餐廚／烘焙／咖啡用具、廚房收納 - 料理用量杯、勺子		
101235	BE - 居家生活 - 鍋具、餐廚／烘焙／咖啡用具、廚房收納 - 料理封口機		
101234	BE - 居家生活 - 鍋具、餐廚／烘焙／咖啡用具、廚房收納 - 料理秤、電子秤		
101217	BE - 居家生活 - 鍋具、餐廚／烘焙／咖啡用具、廚房收納 - 烘焙用具		
101227	BE - 居家生活 - 鍋具、餐廚／烘焙／咖啡用具、廚房收納 - 砧板		
101223	BE - 居家生活 - 鍋具、餐廚／烘焙／咖啡用具、廚房收納 - 茶、咖啡、酒類用品		
101225	BE - 居家生活 - 鍋具、餐廚／烘焙／咖啡用具、廚房收納 - 圍裙、廚房用手套		
101230	BE - 居家生活 - 鍋具、餐廚／烘焙／咖啡用具、廚房收納 - 開瓶器、開罐器		
101216	BE - 居家生活 - 鍋具、餐廚／烘焙／咖啡用具、廚房收納 - 煎鍋、烤盤		
101219	BE - 居家生活 - 鍋具、餐廚／烘焙／咖啡用具、廚房收納 - 蒸煮、壓力鍋具		
101224	BE - 居家生活 - 鍋具、餐廚／烘焙／咖啡用具、廚房收納 - 廚房收納架		
101222	BE - 居家生活 - 鍋具、餐廚／烘焙／咖啡用具、廚房收納 - 錫箔紙		
101232	BE - 居家生活 - 鍋具、餐廚／烘焙／咖啡用具、廚房收納 - 濾網		
100008	BE - 保健 - 其他		
100005	BE - 保健 - 保健食品、營養品 - 乳清蛋白、運動能量補給品		
100007	BE - 保健 - 保健食品、營養品 - 其他		
100004	BE - 保健 - 保健食品、營養品 - 養顏美容食品		
100006	BE - 保健 - 保健食品、營養品 - 機能性食品		
100003	BE - 保健 - 保健食品、營養品 - 順暢保養食品		
100438	BE - 保健 - 個人照護 - 口腔照護 - 牙刷		
100440	BE - 保健 - 個人照護 - 口腔照護 - 牙膏		
100441	BE - 保健 - 個人照護 - 口腔照護 - 牙線		
100446	BE - 保健 - 個人照護 - 口腔照護 - 其他		
100444	BE - 保健 - 個人照護 - 口腔照護 - 美白牙齒、美白貼片		
100443	BE - 保健 - 個人照護 - 口腔照護 - 假牙照護		
100439	BE - 保健 - 個人照護 - 口腔照護 - 電動牙刷、配件		
100442	BE - 保健 - 個人照護 - 口腔照護 - 漱口水		
100445	BE - 保健 - 個人照護 - 口腔照護 - 矯正配件		
100135	BE - 保健 - 個人照護 - 成人尿布、防失禁用品		
100133	BE - 保健 - 個人照護 - 耳部照護		
100447	BE - 保健 - 個人照護 - 私密清潔保養 - 女性生理用品		
100450	BE - 保健 - 個人照護 - 私密清潔保養 - 月事杯		
100451	BE - 保健 - 個人照護 - 私密清潔保養 - 私密清潔用品		
100453	BE - 保健 - 個人照護 - 私密清潔保養 - 其他		
100449	BE - 保健 - 個人照護 - 私密清潔保養 - 排卵試紙、卡、筆		
100452	BE - 保健 - 個人照護 - 私密清潔保養 - 陰道乳膏		
100448	BE - 保健 - 個人照護 - 私密清潔保養 - 衛生棉條		
100138	BE - 保健 - 個人照護 - 防蚊液		
100139	BE - 保健 - 個人照護 - 其他		
100137	BE - 保健 - 個人照護 - 按摩器材、按摩槍		
100131	BE - 保健 - 個人照護 - 乾洗手		
100437	BE - 保健 - 個人照護 - 眼部照護 - 其他		
100436	BE - 保健 - 個人照護 - 眼部照護 - 隱形眼鏡藥水		
100144	BE - 保健 - 情趣用品 - 其他		
100143	BE - 保健 - 情趣用品 - 性功能提升用品		
100140	BE - 保健 - 情趣用品 - 保險套		
100142	BE - 保健 - 情趣用品 - 情趣玩具		
100141	BE - 保健 - 情趣用品 - 潤滑劑		
100130	BE - 保健 - 醫療保健 - 其他		
100433	BE - 保健 - 醫療保健 - 受傷、殘障支撐道具 - 助聽器		
100434	BE - 保健 - 醫療保健 - 受傷、殘障支撐道具 - 其他		
100430	BE - 保健 - 醫療保健 - 受傷、殘障支撐道具 - 輔助行走器		
100431	BE - 保健 - 醫療保健 - 受傷、殘障支撐道具 - 輪椅		
100432	BE - 保健 - 醫療保健 - 受傷、殘障支撐道具 - 護具		
100425	BE - 保健 - 醫療保健 - 急救用品 - 石膏、繃帶		
100429	BE - 保健 - 醫療保健 - 急救用品 - 其他		
100426	BE - 保健 - 醫療保健 - 急救用品 - 急救配件		
100428	BE - 保健 - 醫療保健 - 急救用品 - 消毒劑		
100427	BE - 保健 - 醫療保健 - 急救用品 - 乙類成藥或非藥品軟膏(霜)		
100424	BE - 保健 - 醫療保健 - 健康儀器、測試儀 - 其他		
100423	BE - 保健 - 醫療保健 - 健康儀器、測試儀 - 體溫計		
100126	BE - 保健 - 醫療保健 - 舒緩用品		
100127	BE - 保健 - 醫療保健 - 實驗室工具		
100123	BE - 保健 - 醫療保健 - 鼻噴劑		
100128	BE - 保健 - 醫療保健 - 醫用手套、醫用口罩		
100125	BE - 保健 - 醫療保健 - 聽診器		
100122	BE - 保健 - 醫療保健 - 體重計、體脂計		
101104	BE - 相機&空拍機 - 安全視訊監控及系統 - 其他		
101102	BE - 相機&空拍機 - 安全視訊監控及系統 - 偽裝攝影機		
101100	BE - 相機&空拍機 - 安全視訊監控及系統 - 閉路電視監控攝像機		
101103	BE - 相機&空拍機 - 安全視訊監控及系統 - 間諜攝影機		
101101	BE - 相機&空拍機 - 安全視訊監控及系統 - 數位視訊錄影機		
100707	BE - 相機&空拍機 - 其他		
100705	BE - 相機&空拍機 - 空拍機		
100706	BE - 相機&空拍機 - 空拍機周邊配件		
101092	BE - 相機&空拍機 - 相機 - 全自動數位相機		
101099	BE - 相機&空拍機 - 相機 - 其他		
101097	BE - 相機&空拍機 - 相機 - 底片、LOMO相機		
101096	BE - 相機&空拍機 - 相機 - 拍立得相機		
101093	BE - 相機&空拍機 - 相機 - 無反光鏡可換鏡頭相機		
101094	BE - 相機&空拍機 - 相機 - 運動相機		
101098	BE - 相機&空拍機 - 相機 - 數位單眼相機		
101095	BE - 相機&空拍機 - 相機 - 攝影機		
101117	BE - 相機&空拍機 - 相機周邊配件 - 充電器		
101120	BE - 相機&空拍機 - 相機周邊配件 - 其他		
101114	BE - 相機&空拍機 - 相機周邊配件 - 拍立得底片		
101115	BE - 相機&空拍機 - 相機周邊配件 - 相印機		
101116	BE - 相機&空拍機 - 相機周邊配件 - 相機包		
101110	BE - 相機&空拍機 - 相機周邊配件 - 閃燈		
102021	BE - 相機&空拍機 - 相機周邊配件 - 閃燈周邊 - 引閃器		
102023	BE - 相機&空拍機 - 相機周邊配件 - 閃燈周邊 - 其他		
102022	BE - 相機&空拍機 - 相機周邊配件 - 閃燈周邊 - 閃光燈擴散器		
101119	BE - 相機&空拍機 - 相機周邊配件 - 腳架、雲台		
101118	BE - 相機&空拍機 - 相機周邊配件 - 電池		
101112	BE - 相機&空拍機 - 相機周邊配件 - 穩定器		
101113	BE - 相機&空拍機 - 相機周邊配件 - 攝影棚/燈		
101124	BE - 相機&空拍機 - 相機保養配件 - 吹塵球		
101121	BE - 相機&空拍機 - 相機保養配件 - 防潮箱		
101126	BE - 相機&空拍機 - 相機保養配件 - 其他配件		
101123	BE - 相機&空拍機 - 相機保養配件 - 乾燥劑		                  
101122	BE - 相機&空拍機 - 相機保養配件 - 清潔組		
101125	BE - 相機&空拍機 - 相機保養配件 - 鏡頭清潔筆刷		
100701	BE - 相機&空拍機 - 鏡頭		
101109	BE - 相機&空拍機 - 鏡頭周邊配件 - 其他		
101108	BE - 相機&空拍機 - 鏡頭周邊配件 - 遮光罩		
101107	BE - 相機&空拍機 - 鏡頭周邊配件 - 濾鏡/保護鏡		
101105	BE - 相機&空拍機 - 鏡頭周邊配件 - 轉接環		
101106	BE - 相機&空拍機 - 鏡頭周邊配件 - 鏡頭蓋		
101607	BE - 美妝保養 - 手足保養、美甲 - 手部保養 - 手膜		
101610	BE - 美妝保養 - 手足保養、美甲 - 手部保養 - 其他		
101609	BE - 美妝保養 - 手足保養、美甲 - 手部保養 - 洗手乳		
101608	BE - 美妝保養 - 手足保養、美甲 - 手部保養 - 護手霜		
101611	BE - 美妝保養 - 手足保養、美甲 - 足部保養 - 足部除臭		
101612	BE - 美妝保養 - 手足保養、美甲 - 足部保養 - 足膜		
101614	BE - 美妝保養 - 手足保養、美甲 - 足部保養 - 其他		
101613	BE - 美妝保養 - 手足保養、美甲 - 足部保養 - 護足霜		
100868	BE - 美妝保養 - 手足保養、美甲 - 其他		
102035	BE - 美妝保養 - 手足保養、美甲 - 指甲保養 - 其他		
102030	BE - 美妝保養 - 手足保養、美甲 - 指甲保養 - 卸甲工具		
102029	BE - 美妝保養 - 手足保養、美甲 - 指甲保養 - 指甲油		
101615	BE - 美妝保養 - 手足保養、美甲 - 指甲保養 - 指甲基底油、護色油		
102033	BE - 美妝保養 - 手足保養、美甲 - 指甲保養 - 指甲貼紙		
102031	BE - 美妝保養 - 手足保養、美甲 - 指甲保養 - 美甲工具		
102034	BE - 美妝保養 - 手足保養、美甲 - 指甲保養 - 美甲工具與材料		
102032	BE - 美妝保養 - 手足保養、美甲 - 指甲保養 - 美甲片		
102178	BE - 美妝保養 - 手足保養、美甲 - 指甲保養 - 美甲凝膠		
100892	BE - 美妝保養 - 肌膚保養 - 化妝水		
100903	BE - 美妝保養 - 肌膚保養 - 吸油面紙		
100893	BE - 美妝保養 - 肌膚保養 - 乳液、乳霜		
100905	BE - 美妝保養 - 肌膚保養 - 其他		
100894	BE - 美妝保養 - 肌膚保養 - 保養油		
100895	BE - 美妝保養 - 肌膚保養 - 保濕噴霧		
100891	BE - 美妝保養 - 肌膚保養 - 洗面乳		
100898	BE - 美妝保養 - 肌膚保養 - 面膜		
101676	BE - 美妝保養 - 肌膚保養 - 唇部保養 - 其他		
101674	BE - 美妝保養 - 肌膚保養 - 唇部保養 - 唇部去角質		
101675	BE - 美妝保養 - 肌膚保養 - 唇部保養 - 唇膜		
101673	BE - 美妝保養 - 肌膚保養 - 唇部保養 - 護唇膏		
101672	BE - 美妝保養 - 肌膚保養 - 眼部保養 - 其他		
101671	BE - 美妝保養 - 肌膚保養 - 眼部保養 - 眉膠、睫毛膠		
101670	BE - 美妝保養 - 肌膚保養 - 眼部保養 - 眼膜		
101669	BE - 美妝保養 - 肌膚保養 - 眼部保養 - 眼霜		
100904	BE - 美妝保養 - 肌膚保養 - 痘痘、粉刺護理		
100896	BE - 美妝保養 - 肌膚保養 - 精華液		
100897	BE - 美妝保養 - 肌膚保養 - 臉部去角質		
100901	BE - 美妝保養 - 肌膚保養 - 臉部防曬油		
100902	BE - 美妝保養 - 肌膚保養 - 臉部曬後護理		
100875	BE - 美妝保養 - 男士保養 - 男士身體保養		
101624	BE - 美妝保養 - 男士保養 - 男士剃鬍、除毛用品 - 多功能刮鬍刀		
101626	BE - 美妝保養 - 男士保養 - 男士剃鬍、除毛用品 - 其他		
101621	BE - 美妝保養 - 男士保養 - 男士剃鬍、除毛用品 - 刮鬍刀		
101619	BE - 美妝保養 - 男士保養 - 男士剃鬍、除毛用品 - 刮鬍水		
101620	BE - 美妝保養 - 男士保養 - 男士剃鬍、除毛用品 - 刮鬍泡		
101623	BE - 美妝保養 - 男士保養 - 男士剃鬍、除毛用品 - 剃鬍刷		
101625	BE - 美妝保養 - 男士保養 - 男士剃鬍、除毛用品 - 剃鬍裝備		
101622	BE - 美妝保養 - 男士保養 - 男士剃鬍、除毛用品 - 電動刮鬍刀		
101616	BE - 美妝保養 - 男士保養 - 男士臉部保養 - 男士洗臉用品		
101617	BE - 美妝保養 - 男士保養 - 男士臉部保養 - 男士護膚用品		
101618	BE - 美妝保養 - 男士保養 - 男士臉部保養 - 其他		
100879	BE - 美妝保養 - 男士保養 - 其他		
100878	BE - 美妝保養 - 男士保養 - 頭髮護理		
102003	BE - 美妝保養 - 身體清潔、保養 - 沐浴乳、香皂、手工皂		
102004	BE - 美妝保養 - 身體清潔、保養 - 身體去角質、磨砂膏		
102007	BE - 美妝保養 - 身體清潔、保養 - 身體乳		
102006	BE - 美妝保養 - 身體清潔、保養 - 身體油		
102008	BE - 美妝保養 - 身體清潔、保養 - 身體除臭劑		
102005	BE - 美妝保養 - 身體清潔、保養 - 身體敷膜		
102015	BE - 美妝保養 - 身體清潔、保養 - 防曬 - 助曬劑		
102014	BE - 美妝保養 - 身體清潔、保養 - 防曬 - 防曬乳		
102016	BE - 美妝保養 - 身體清潔、保養 - 防曬 - 其他		
102013	BE - 美妝保養 - 身體清潔、保養 - 其他		
102009	BE - 美妝保養 - 身體清潔、保養 - 按摩油		
102012	BE - 美妝保養 - 身體清潔、保養 - 胸部保養		
102010	BE - 美妝保養 - 身體清潔、保養 - 除毛乳、蜜蠟除毛		
100666	BE - 美妝保養 - 其他		
100665	BE - 美妝保養 - 美妝、保養組合		
101650	BE - 美妝保養 - 美容工具 - 上妝器具 - 化妝包		
101653	BE - 美妝保養 - 美容工具 - 上妝器具 - 化妝刷具		
101652	BE - 美妝保養 - 美容工具 - 上妝器具 - 化妝刷具清潔劑		
101649	BE - 美妝保養 - 美容工具 - 上妝器具 - 化妝棉 / 棉花棒		
101651	BE - 美妝保養 - 美容工具 - 上妝器具 - 化妝鏡		
101648	BE - 美妝保養 - 美容工具 - 上妝器具 - 其他		
101659	BE - 美妝保養 - 美容工具 - 上妝器具 - 削筆器		
101654	BE - 美妝保養 - 美容工具 - 上妝器具 - 美妝蛋、化妝海綿		
101657	BE - 美妝保養 - 美容工具 - 上妝器具 - 假睫毛		
101656	BE - 美妝保養 - 美容工具 - 上妝器具 - 畫眉卡		
101655	BE - 美妝保養 - 美容工具 - 上妝器具 - 睫毛夾		
101658	BE - 美妝保養 - 美容工具 - 上妝器具 - 雙眼皮貼		
100890	BE - 美妝保養 - 美容工具 - 其他		
100888	BE - 美妝保養 - 美容工具 - 除毛器材		
100887	BE - 美妝保養 - 美容工具 - 瘦身器材		
101665	BE - 美妝保養 - 美容工具 - 髮型工具 - 吹風機		
101668	BE - 美妝保養 - 美容工具 - 髮型工具 - 其他		
101664	BE - 美妝保養 - 美容工具 - 髮型工具 - 梳子		
101667	BE - 美妝保養 - 美容工具 - 髮型工具 - 編髮用具		
101666	BE - 美妝保養 - 美容工具 - 髮型工具 - 頭髮造型用具		
101663	BE - 美妝保養 - 美容工具 - 臉部保養用具 - 其他		
101660	BE - 美妝保養 - 美容工具 - 臉部保養用具 - 蒸臉機		
101661	BE - 美妝保養 - 美容工具 - 臉部保養用具 - 瘦臉器、臉部按摩器具		
101662	BE - 美妝保養 - 美容工具 - 臉部保養用具 - 臉部清潔工具		
100874	BE - 美妝保養 - 美髮護理 - 其他		
100870	BE - 美妝保養 - 美髮護理 - 染髮劑		
100869	BE - 美妝保養 - 美髮護理 - 洗髮精		
100873	BE - 美妝保養 - 美髮護理 - 造型用品		
100872	BE - 美妝保養 - 美髮護理 - 潤髮乳		
100871	BE - 美妝保養 - 美髮護理 - 護髮用品		
100661	BE - 美妝保養 - 香水、香氛		
100880	BE - 美妝保養 - 彩妝 - 其他		
100884	BE - 美妝保養 - 彩妝 - 卸妝產品		
101642	BE - 美妝保養 - 彩妝 - 唇部 - 口紅、唇膏		
101647	BE - 美妝保養 - 彩妝 - 唇部 - 其他		
101644	BE - 美妝保養 - 彩妝 - 唇部 - 唇筆		
101645	BE - 美妝保養 - 彩妝 - 唇部 - 唇釉		
101643	BE - 美妝保養 - 彩妝 - 唇部 - 唇蜜		
101646	BE - 美妝保養 - 彩妝 - 唇部 - 護唇膏		
101641	BE - 美妝保養 - 彩妝 - 眼部 - 其他		
101640	BE - 美妝保養 - 彩妝 - 眼部 - 眉筆、眉粉		
101637	BE - 美妝保養 - 彩妝 - 眼部 - 眼部打底膏		
101636	BE - 美妝保養 - 彩妝 - 眼部 - 眼影		
101638	BE - 美妝保養 - 彩妝 - 眼部 - 眼線		
101639	BE - 美妝保養 - 彩妝 - 眼部 - 睫毛膏		
101632	BE - 美妝保養 - 彩妝 - 臉部 - 打亮、修容		
101627	BE - 美妝保養 - 彩妝 - 臉部 - 妝前乳		
101635	BE - 美妝保養 - 彩妝 - 臉部 - 其他		
101633	BE - 美妝保養 - 彩妝 - 臉部 - 定妝噴霧		
101628	BE - 美妝保養 - 彩妝 - 臉部 - 粉底		
101634	BE - 美妝保養 - 彩妝 - 臉部 - 腮紅		
101630	BE - 美妝保養 - 彩妝 - 臉部 - 蜜粉、定妝品		
101631	BE - 美妝保養 - 彩妝 - 臉部 - 遮瑕		
101629	BE - 美妝保養 - 彩妝 - 臉部 - BB霜、CC霜		
100800	BE - 美食、伴手禮 - 主食 - 其他		
100798	BE - 美食、伴手禮 - 主食 - 食用米		
100799	BE - 美食、伴手禮 - 主食 - 義大利麵		
100802	BE - 美食、伴手禮 - 主食 - 醃製蔬菜		
101581	BE - 美食、伴手禮 - 主食 - 雜糧、南北貨 - 中草漢方		
101579	BE - 美食、伴手禮 - 主食 - 雜糧、南北貨 - 豆類、五穀雜糧		
101582	BE - 美食、伴手禮 - 主食 - 雜糧、南北貨 - 其他		
101580	BE - 美食、伴手禮 - 主食 - 雜糧、南北貨 - 海鮮乾貨		
100797	BE - 美食、伴手禮 - 主食 - 麵		
101583	BE - 美食、伴手禮 - 主食 - 罐頭食品 - 水果罐頭		
102025	BE - 美食、伴手禮 - 主食 - 罐頭食品 - 水產罐頭		
102024	BE - 美食、伴手禮 - 主食 - 罐頭食品 - 肉品罐頭		
102028	BE - 美食、伴手禮 - 主食 - 罐頭食品 - 其他		
102027	BE - 美食、伴手禮 - 主食 - 罐頭食品 - 湯罐頭		
102026	BE - 美食、伴手禮 - 主食 - 罐頭食品 - 蔬菜罐頭		
102084	BE - 美食、伴手禮 - 生鮮食品 - 水果 - 蘋果、梨子		
102085	BE - 美食、伴手禮 - 生鮮食品 - 水果 - 香蕉		
102086	BE - 美食、伴手禮 - 生鮮食品 - 水果 - 莓果		
102087	BE - 美食、伴手禮 - 生鮮食品 - 水果 - 柑橘		
102088	BE - 美食、伴手禮 - 生鮮食品 - 水果 - 葡萄		
102089	BE - 美食、伴手禮 - 生鮮食品 - 水果 - 瓜果		
102090	BE - 美食、伴手禮 - 生鮮食品 - 水果 - 核果		
102091	BE - 美食、伴手禮 - 生鮮食品 - 水果 - 熱帶、異國水果		
102092	BE - 美食、伴手禮 - 生鮮食品 - 水果 - 水果切盤		
102093	BE - 美食、伴手禮 - 生鮮食品 - 水果 - 其他水果		
101598	BE - 美食、伴手禮 - 生鮮食品 - 肉類 - 牛肉		
101601	BE - 美食、伴手禮 - 生鮮食品 - 肉類 - 羊肉		
101602	BE - 美食、伴手禮 - 生鮮食品 - 肉類 - 其他		
101600	BE - 美食、伴手禮 - 生鮮食品 - 肉類 - 豬肉		
101599	BE - 美食、伴手禮 - 生鮮食品 - 肉類 - 雞肉		
100855	BE - 美食、伴手禮 - 生鮮食品 - 肉類、海鮮加工品		
100854	BE - 美食、伴手禮 - 生鮮食品 - 冷凍食品		
100850	BE - 美食、伴手禮 - 生鮮食品 - 其他		
101606	BE - 美食、伴手禮 - 生鮮食品 - 海鮮 - 其他		
101603	BE - 美食、伴手禮 - 生鮮食品 - 海鮮 - 魚類		
101604	BE - 美食、伴手禮 - 生鮮食品 - 海鮮 - 蝦類		
101605	BE - 美食、伴手禮 - 生鮮食品 - 海鮮 - 蟹類		
100849	BE - 美食、伴手禮 - 生鮮食品 - 素食肉類		
100853	BE - 美食、伴手禮 - 生鮮食品 - 菇類		
102071	BE - 美食、伴手禮 - 生鮮食品 - 蔬菜 - 高麗菜、孢子甘藍		
102072	BE - 美食、伴手禮 - 生鮮食品 - 蔬菜 - 新鮮香草		
102073	BE - 美食、伴手禮 - 生鮮食品 - 蔬菜 - 葉菜		
102074	BE - 美食、伴手禮 - 生鮮食品 - 蔬菜 - 果菜		
102075	BE - 美食、伴手禮 - 生鮮食品 - 蔬菜 - 花椰菜		
102076	BE - 美食、伴手禮 - 生鮮食品 - 蔬菜 - 辣椒		
102077	BE - 美食、伴手禮 - 生鮮食品 - 蔬菜 - 蔥、薑、蒜		
102078	BE - 美食、伴手禮 - 生鮮食品 - 蔬菜 - 豆類、堅果、玉米		
102079	BE - 美食、伴手禮 - 生鮮食品 - 蔬菜 - 根莖菜		
102080	BE - 美食、伴手禮 - 生鮮食品 - 蔬菜 - 芽菜		
102081	BE - 美食、伴手禮 - 生鮮食品 - 蔬菜 - 沙拉生菜		
102082	BE - 美食、伴手禮 - 生鮮食品 - 蔬菜 - 截切蔬菜		
102083	BE - 美食、伴手禮 - 生鮮食品 - 蔬菜 - 其他蔬菜		
100786	BE - 美食、伴手禮 - 休閒零食 - 巧克力		
100794	BE - 美食、伴手禮 - 休閒零食 - 布丁、果凍、棉花糖		
100789	BE - 美食、伴手禮 - 休閒零食 - 瓜子		
100793	BE - 美食、伴手禮 - 休閒零食 - 其他		
100791	BE - 美食、伴手禮 - 休閒零食 - 海苔		
101574	BE - 美食、伴手禮 - 休閒零食 - 乾貨零食 - 肉乾		
101576	BE - 美食、伴手禮 - 休閒零食 - 乾貨零食 - 肉鬆		
101578	BE - 美食、伴手禮 - 休閒零食 - 乾貨零食 - 其他		
101575	BE - 美食、伴手禮 - 休閒零食 - 乾貨零食 - 果乾		
101577	BE - 美食、伴手禮 - 休閒零食 - 乾貨零食 - 海鮮零食		
100792	BE - 美食、伴手禮 - 休閒零食 - 堅果		
100785	BE - 美食、伴手禮 - 休閒零食 - 甜食、糖果		
100787	BE - 美食、伴手禮 - 休閒零食 - 餅乾、威化餅		
100788	BE - 美食、伴手禮 - 休閒零食 - 薯片、洋芋片		
100790	BE - 美食、伴手禮 - 休閒零食 - 爆米花		
100822	BE - 美食、伴手禮 - 早餐麥片 - 早餐棒		
100823	BE - 美食、伴手禮 - 早餐麥片 - 其他		
100820	BE - 美食、伴手禮 - 早餐麥片 - 果醬、抹醬		
100819	BE - 美食、伴手禮 - 早餐麥片 - 蜂蜜、楓糖漿		
100821	BE - 美食、伴手禮 - 早餐麥片 - 穀類、麥片和燕麥		
100841	BE - 美食、伴手禮 - 乳製品、蛋 - 奶油、人造黃油		
100840	BE - 美食、伴手禮 - 乳製品、蛋 - 奶精		
100843	BE - 美食、伴手禮 - 乳製品、蛋 - 冰品、冰淇淋		
100845	BE - 美食、伴手禮 - 乳製品、蛋 - 豆腐		
101596	BE - 美食、伴手禮 - 乳製品、蛋 - 乳品 - 奶粉		
101597	BE - 美食、伴手禮 - 乳製品、蛋 - 乳品 - 其他		
101594	BE - 美食、伴手禮 - 乳製品、蛋 - 乳品 - 保久乳		
101595	BE - 美食、伴手禮 - 乳製品、蛋 - 乳品 - 煉乳		
101593	BE - 美食、伴手禮 - 乳製品、蛋 - 乳品 - 鮮乳		
100846	BE - 美食、伴手禮 - 乳製品、蛋 - 其他		
100842	BE - 美食、伴手禮 - 乳製品、蛋 - 芝士、芝士粉		
100844	BE - 美食、伴手禮 - 乳製品、蛋 - 蛋		
100839	BE - 美食、伴手禮 - 乳製品、蛋 - 優格、優酪乳		
100657	BE - 美食、伴手禮 - 其他		
100811	BE - 美食、伴手禮 - 油品調味 - 其他		
100809	BE - 美食、伴手禮 - 油品調味 - 味精、雞粉		
100803	BE - 美食、伴手禮 - 油品調味 - 食用油		
101592	BE - 美食、伴手禮 - 油品調味 - 調味料、調味品 - 其他		
101591	BE - 美食、伴手禮 - 油品調味 - 調味料、調味品 - 沾拌醬		
101584	BE - 美食、伴手禮 - 油品調味 - 調味料、調味品 - 胡椒/胡椒粉		
101586	BE - 美食、伴手禮 - 油品調味 - 調味料、調味品 - 香料		
101589	BE - 美食、伴手禮 - 油品調味 - 調味料、調味品 - 料理醋		
101587	BE - 美食、伴手禮 - 油品調味 - 調味料、調味品 - 烹飪醬料		
101588	BE - 美食、伴手禮 - 油品調味 - 調味料、調味品 - 辣醬		
101585	BE - 美食、伴手禮 - 油品調味 - 調味料、調味品 - 鹽/海鹽		
100808	BE - 美食、伴手禮 - 油品調味 - 調理包		
100805	BE - 美食、伴手禮 - 油品調味 - 糖		
100806	BE - 美食、伴手禮 - 油品調味 - 糖精		
100807	BE - 美食、伴手禮 - 油品調味 - 鍋、湯體		
100810	BE - 美食、伴手禮 - 油品調味 - 麵粉		
100783	BE - 美食、伴手禮 - 便利/即食品 - 即食火鍋		
100782	BE - 美食、伴手禮 - 便利/即食品 - 即食米、粥		
100784	BE - 美食、伴手禮 - 便利/即食品 - 即食泡麵		
100781	BE - 美食、伴手禮 - 便利/即食品 - 其他		
100780	BE - 美食、伴手禮 - 便利/即食品 - 熟食小吃		
100818	BE - 美食、伴手禮 - 烘焙必需品 - 其他		
100816	BE - 美食、伴手禮 - 烘焙必需品 - 食用色素		
100815	BE - 美食、伴手禮 - 烘焙必需品 - 烘焙用麵粉		
100817	BE - 美食、伴手禮 - 烘焙必需品 - 烘焙裝飾		
100812	BE - 美食、伴手禮 - 烘焙必需品 - 烘焙調味		
100813	BE - 美食、伴手禮 - 烘焙必需品 - 發酵粉、蘇打粉		
100814	BE - 美食、伴手禮 - 烘焙必需品 - 預拌麵粉		
100859	BE - 美食、伴手禮 - 烘焙點心 - 其他		
100857	BE - 美食、伴手禮 - 烘焙點心 - 蛋糕、餡餅		
100858	BE - 美食、伴手禮 - 烘焙點心 - 糕餅點心		
100856	BE - 美食、伴手禮 - 烘焙點心 - 麵包		
100828	BE - 美食、伴手禮 - 飲品 - 水		
100826	BE - 美食、伴手禮 - 飲品 - 巧克力飲品		
100833	BE - 美食、伴手禮 - 飲品 - 即飲甜品		
100832	BE - 美食、伴手禮 - 飲品 - 沖泡飲料		
100837	BE - 美食、伴手禮 - 飲品 - 其他		
100824	BE - 美食、伴手禮 - 飲品 - 咖啡		
100829	BE - 美食、伴手禮 - 飲品 - 果汁、果醋		
100827	BE - 美食、伴手禮 - 飲品 - 能量、運動飲品		
100825	BE - 美食、伴手禮 - 飲品 - 茶葉、茶包		
100834	BE - 美食、伴手禮 - 飲品 - 草本漢方飲品		
100836	BE - 美食、伴手禮 - 飲品 - 植物奶		
100835	BE - 美食、伴手禮 - 飲品 - 飲品配料		
100831	BE - 美食、伴手禮 - 飲品 - 碳酸飲料		
100830	BE - 美食、伴手禮 - 飲品 - 糖漿		
100656	BE - 美食、伴手禮 - 禮盒		
100542	BE - 美食外送 - 中式料理		
100539	BE - 美食外送 - 日式料理		
100553	BE - 美食外送 - 台灣小吃、滷味		
100550	BE - 美食外送 - 早午餐		
100554	BE - 美食外送 - 低卡健康餐		
100545	BE - 美食外送 - 纯素料理		
100536	BE - 美食外送 - 其他		
100543	BE - 美食外送 - 其他西式料理		
100538	BE - 美食外送 - 咖啡、下午茶		
100549	BE - 美食外送 - 披薩、速食料理		
100552	BE - 美食外送 - 便當		
100546	BE - 美食外送 - 星馬料理		
100547	BE - 美食外送 - 美墨料理		
100551	BE - 美食外送 - 泰越料理		
100541	BE - 美食外送 - 港式料理		
100537	BE - 美食外送 - 飲品、冰品		
100544	BE - 美食外送 - 義法料理		
100555	BE - 美食外送 - 鍋物、燒烤		
100540	BE - 美食外送 - 韓式料理		
100548	BE - 美食外送 - 麵包甜點		
100184	BE - 家用電器 - 大型家電 - 其他大型家電		
100467	BE - 家用電器 - 大型家電 - 空調與風扇 - 冷氣配件		
100464	BE - 家用電器 - 大型家電 - 空調與風扇 - 冷暖空調		
100465	BE - 家用電器 - 大型家電 - 空調與風扇 - 移動式空調		
100466	BE - 家用電器 - 大型家電 - 空調與風扇 - 電扇		
100463	BE - 家用電器 - 大型家電 - 洗衣機&乾衣機 - 洗/乾衣機配件		
100461	BE - 家用電器 - 大型家電 - 洗衣機&乾衣機 - 洗衣機		
100462	BE - 家用電器 - 大型家電 - 洗衣機&乾衣機 - 乾衣機		
100182	BE - 家用電器 - 大型家電 - 烘被機/烘鞋機		
100183	BE - 家用電器 - 大型家電 - 電暖器		
100180	BE - 家用電器 - 大型家電 - 熱水器		
100177	BE - 家用電器 - 生活家電 - 吸塵器/地板保養用具		
100172	BE - 家用電器 - 生活家電 - 沖牙機		
100178	BE - 家用電器 - 生活家電 - 其他生活家電		
100171	BE - 家用電器 - 生活家電 - 泡腳機/足浴桶		
100460	BE - 家用電器 - 生活家電 - 空氣清淨 - 其他空氣清淨周邊		
100458	BE - 家用電器 - 生活家電 - 空氣清淨 - 空氣清淨機		
100459	BE - 家用電器 - 生活家電 - 空氣清淨 - 除濕機		
100454	BE - 家用電器 - 生活家電 - 通訊辦公 - 有線電話		
100457	BE - 家用電器 - 生活家電 - 通訊辦公 - 其他通訊辦公周邊		
100455	BE - 家用電器 - 生活家電 - 通訊辦公 - 無線電話		
100456	BE - 家用電器 - 生活家電 - 通訊辦公 - 傳真機		
100173	BE - 家用電器 - 生活家電 - 裁縫機與周邊		
100175	BE - 家用電器 - 生活家電 - 熨斗/掛燙機		
100168	BE - 家用電器 - 投影機與周邊配件 - 投影機/投影布幕		
100170	BE - 家用電器 - 投影機與周邊配件 - 其他投影機周邊		
100169	BE - 家用電器 - 投影機與周邊配件 - 簡報筆		
100046	BE - 家用電器 - 其他家電		
100220	BE - 家用電器 - 居安與家用零件 - 其他電路及零件		
100216	BE - 家用電器 - 居安與家用零件 - 門鈴		
100215	BE - 家用電器 - 居安與家用零件 - 省電器		
100217	BE - 家用電器 - 居安與家用零件 - 開關面板		
100213	BE - 家用電器 - 居安與家用零件 - 電源插座/延長線		
100214	BE - 家用電器 - 居安與家用零件 - 電路安全裝置		
100219	BE - 家用電器 - 居安與家用零件 - 避雷器		
100218	BE - 家用電器 - 居安與家用零件 - 警報器		
100043	BE - 家用電器 - 電池		
100189	BE - 家用電器 - 電視機與周邊配件 - 其他電視機周邊		
100186	BE - 家用電器 - 電視機與周邊配件 - 電視天線		
100188	BE - 家用電器 - 電視機與周邊配件 - 電視支架		
100187	BE - 家用電器 - 電視機與周邊配件 - 電視盒與接收器		
100185	BE - 家用電器 - 電視機與周邊配件 - 電視機		
100045	BE - 家用電器 - 遙控器		
100197	BE - 家用電器 - 廚房家電 - 瓦斯爐/電磁爐具/減壓閥		
100209	BE - 家用電器 - 廚房家電 - 冰箱		
100210	BE - 家用電器 - 廚房家電 - 冷凍櫃		
100191	BE - 家用電器 - 廚房家電 - 快煮壺		
100212	BE - 家用電器 - 廚房家電 - 其他廚房家電		
100194	BE - 家用電器 - 廚房家電 - 咖啡機與周邊		
100193	BE - 家用電器 - 廚房家電 - 果汁/豆漿機		
100199	BE - 家用電器 - 廚房家電 - 油炸鍋		
100196	BE - 家用電器 - 廚房家電 - 洗碗機		
100192	BE - 家用電器 - 廚房家電 - 紅酒櫃		
100204	BE - 家用電器 - 廚房家電 - 美食/電火鍋		
100203	BE - 家用電器 - 廚房家電 - 料理機/絞肉機		
100198	BE - 家用電器 - 廚房家電 - 氣炸鍋		
100201	BE - 家用電器 - 廚房家電 - 烤箱		
100202	BE - 家用電器 - 廚房家電 - 烤麵包機		
100211	BE - 家用電器 - 廚房家電 - 排風/抽油煙機		
100190	BE - 家用電器 - 廚房家電 - 淨水器/飲水機		
100200	BE - 家用電器 - 廚房家電 - 微波爐		
100207	BE - 家用電器 - 廚房家電 - 電鍋		
100206	BE - 家用電器 - 廚房家電 - 慢燉鍋/舒肥機		
100474	BE - 家用電器 - 廚房家電 - 廚房專業設備 - 其他點心機		
100473	BE - 家用電器 - 廚房家電 - 廚房專業設備 - 氣泡水機		
100471	BE - 家用電器 - 廚房家電 - 廚房專業設備 - 章魚燒機		
100469	BE - 家用電器 - 廚房家電 - 廚房專業設備 - 煮蛋機		
100472	BE - 家用電器 - 廚房家電 - 廚房專業設備 - 點心機		
100468	BE - 家用電器 - 廚房家電 - 廚房專業設備 - 鬆餅機		
100470	BE - 家用電器 - 廚房家電 - 廚房專業設備 - 麵包機		
100205	BE - 家用電器 - 廚房家電 - 壓力鍋		
100195	BE - 家用電器 - 廚房家電 - 攪拌機		
100085	BE - 旅行相關用品/行李箱 - 行李箱		
100088	BE - 旅行相關用品/行李箱 - 其他		
100320	BE - 旅行相關用品/行李箱 - 旅行包 - 手提行李袋、旅行包袋		
100321	BE - 旅行相關用品/行李箱 - 旅行包 - 折疊包		
100322	BE - 旅行相關用品/行李箱 - 旅行包 - 束口包		
100323	BE - 旅行相關用品/行李箱 - 旅行包 - 其他		
100327	BE - 旅行相關用品/行李箱 - 旅行相關周邊 - 行李吊牌		
100328	BE - 旅行相關用品/行李箱 - 旅行相關周邊 - 行李束帶		
100330	BE - 旅行相關用品/行李箱 - 旅行相關周邊 - 行李秤		
100326	BE - 旅行相關用品/行李箱 - 旅行相關周邊 - 行李箱套		
100329	BE - 旅行相關用品/行李箱 - 旅行相關周邊 - 行李箱鎖		
100333	BE - 旅行相關用品/行李箱 - 旅行相關周邊 - 其他		
100325	BE - 旅行相關用品/行李箱 - 旅行相關周邊 - 旅行收納包		
100331	BE - 旅行相關用品/行李箱 - 旅行相關周邊 - 旅行枕/眼罩		
100332	BE - 旅行相關用品/行李箱 - 旅行相關周邊 - 旅行盥洗組/旅行分裝罐		
100324	BE - 旅行相關用品/行李箱 - 旅行相關周邊 - 護照夾/護照套		
100024	BE - 時尚配件 - 手套		
100026	BE - 時尚配件 - 手鍊 / 手環		
100032	BE - 時尚配件 - 皮帶		
100022	BE - 時尚配件 - 耳環		
100021	BE - 時尚配件 - 戒指		
100036	BE - 時尚配件 - 其他		
100165	BE - 時尚配件 - 穿搭配件 - 面罩		
100166	BE - 時尚配件 - 穿搭配件 - 手帕		
100162	BE - 時尚配件 - 穿搭配件 - 吊飾 / 吊墜 / 裝飾物		
100167	BE - 時尚配件 - 穿搭配件 - 其他穿搭配件		
100164	BE - 時尚配件 - 穿搭配件 - 紋身貼紙		
100160	BE - 時尚配件 - 穿搭配件 - 胸針 / 別針		
100163	BE - 時尚配件 - 穿搭配件 - 袖扣 / 袖釘		
100161	BE - 時尚配件 - 穿搭配件 - 補丁 / 布貼		
100159	BE - 時尚配件 - 珠寶 / 貴金屬 - 其他珠寶/貴金屬		
100158	BE - 時尚配件 - 珠寶 / 貴金屬 - 珠寶 / 玉石		
100156	BE - 時尚配件 - 珠寶 / 貴金屬 - 純銀		
100155	BE - 時尚配件 - 珠寶 / 貴金屬 - 黃金 / 鉑金 / K金		
100157	BE - 時尚配件 - 珠寶 / 貴金屬 - 鑽石		
100035	BE - 時尚配件 - 配件套組 / 配飾禮盒組		
100151	BE - 時尚配件 - 眼鏡 - 太陽眼鏡		
100154	BE - 時尚配件 - 眼鏡 - 其他眼鏡		
100153	BE - 時尚配件 - 眼鏡 - 眼鏡盒 / 眼鏡相關配件		
100152	BE - 時尚配件 - 眼鏡 - 鏡框 / 多功能眼鏡		
100023	BE - 時尚配件 - 圍巾 / 披肩		
100028	BE - 時尚配件 - 帽子		
100029	BE - 時尚配件 - 項鍊		
100027	BE - 時尚配件 - 腳鍊 / 腳環		
100033	BE - 時尚配件 - 領帶 / 領結 / 領巾		
100150	BE - 時尚配件 - 髮飾 - 其他髮飾		
100148	BE - 時尚配件 - 髮飾 - 假髮 / 髮片		
100147	BE - 時尚配件 - 髮飾 - 髮夾 / 鯊魚夾 / 大嘴夾 / 邊夾		
100146	BE - 時尚配件 - 髮飾 - 髮圈 / 大腸圈 / 造型髮圈		
100149	BE - 時尚配件 - 髮飾 - 髮飾 / 頭飾 / 皇冠 / 花冠		
100145	BE - 時尚配件 - 髮飾 - 髮箍 / 髮帶		
102061	BE - 時尚配件 - 鑽石珠寶玉石 - 戒指		
102062	BE - 時尚配件 - 鑽石珠寶玉石 - 耳環		
102063	BE - 時尚配件 - 鑽石珠寶玉石 - 腳鏈		
102064	BE - 時尚配件 - 鑽石珠寶玉石 - 項鍊		
102065	BE - 時尚配件 - 鑽石珠寶玉石 - 手鍊		
102067	BE - 時尚配件 - 鑽石珠寶玉石 - 吊飾/鑰匙圈		
102069	BE - 時尚配件 - 鑽石珠寶玉石 - 其他訂製/客製品		
100779	BE - 書籍及雜誌期刊 - 其他		
101563	BE - 書籍及雜誌期刊 - 書籍 - 心理勵志書籍		
101571	BE - 書籍及雜誌期刊 - 書籍 - 布書/觸摸書		
101552	BE - 書籍及雜誌期刊 - 書籍 - 生活風格書籍		
101572	BE - 書籍及雜誌期刊 - 書籍 - 有聲書		
101560	BE - 書籍及雜誌期刊 - 書籍 - 自然科普書籍		
101566	BE - 書籍及雜誌期刊 - 書籍 - 求職、自我成長書籍		
101573	BE - 書籍及雜誌期刊 - 書籍 - 其他書籍		
101564	BE - 書籍及雜誌期刊 - 書籍 - 宗教命理書籍		
101547	BE - 書籍及雜誌期刊 - 書籍 - 政治、法律、社會人文書籍		
101567	BE - 書籍及雜誌期刊 - 書籍 - 星座運勢書籍		
101556	BE - 書籍及雜誌期刊 - 書籍 - 科幻小說		
101543	BE - 書籍及雜誌期刊 - 書籍 - 限制級書刊		
101545	BE - 書籍及雜誌期刊 - 書籍 - 食譜		
101550	BE - 書籍及雜誌期刊 - 書籍 - 旅遊相關書籍		
101549	BE - 書籍及雜誌期刊 - 書籍 - 健身節食書籍		
101546	BE - 書籍及雜誌期刊 - 書籍 - 商業理財書籍		
101568	BE - 書籍及雜誌期刊 - 書籍 - 教科參考書		
101569	BE - 書籍及雜誌期刊 - 書籍 - 貼紙、著色書籍		
101559	BE - 書籍及雜誌期刊 - 書籍 - 傳記		
101558	BE - 書籍及雜誌期刊 - 書籍 - 愛情小說		
101555	BE - 書籍及雜誌期刊 - 書籍 - 經典文學及古典小說		
101542	BE - 書籍及雜誌期刊 - 書籍 - 農業、漁業書籍		
101548	BE - 書籍及雜誌期刊 - 書籍 - 電腦資訊書籍		
101540	BE - 書籍及雜誌期刊 - 書籍 - 漫畫		
101551	BE - 書籍及雜誌期刊 - 書籍 - 語言學習書籍		
101554	BE - 書籍及雜誌期刊 - 書籍 - 輕小說		
101570	BE - 書籍及雜誌期刊 - 書籍 - 樂譜		
101565	BE - 書籍及雜誌期刊 - 書籍 - 歷史人文書籍		
101562	BE - 書籍及雜誌期刊 - 書籍 - 親子教養書籍		
101561	BE - 書籍及雜誌期刊 - 書籍 - 醫療保健書籍		
101541	BE - 書籍及雜誌期刊 - 書籍 - 繪本童書		
101544	BE - 書籍及雜誌期刊 - 書籍 - 藝術設計書籍		
101557	BE - 書籍及雜誌期刊 - 書籍 - 驚悚、動作、犯罪小說		
101553	BE - 書籍及雜誌期刊 - 書籍 - BL/GL		
100778	BE - 書籍及雜誌期刊 - 電子書		
101537	BE - 書籍及雜誌期刊 - 雜誌期刊 - 生活風格雜誌		
101539	BE - 書籍及雜誌期刊 - 雜誌期刊 - 其他雜誌		
101538	BE - 書籍及雜誌期刊 - 雜誌期刊 - 青少年雜誌		
101536	BE - 書籍及雜誌期刊 - 雜誌期刊 - 商業理財雜誌		
100766	BE - 票券、優惠券與服務 - 交通		
100775	BE - 票券、優惠券與服務 - 其他		
101512	BE - 票券、優惠券與服務 - 服務 - 冷氣修繕		
101514	BE - 票券、優惠券與服務 - 服務 - 其他		
101509	BE - 票券、優惠券與服務 - 服務 - 家事服務		
101510	BE - 票券、優惠券與服務 - 服務 - 搬運服務		
101513	BE - 票券、優惠券與服務 - 服務 - 攝影/影印/相片沖洗		
101502	BE - 票券、優惠券與服務 - 活動與景點 - 其他		
101499	BE - 票券、優惠券與服務 - 活動與景點 - 活動、博覽會、會議		
101501	BE - 票券、優惠券與服務 - 活動與景點 - 展覽		
101500	BE - 票券、優惠券與服務 - 活動與景點 - 電影		
101498	BE - 票券、優惠券與服務 - 活動與景點 - 樂園、景點		
101516	BE - 票券、優惠券與服務 - 美容與健康 - 牙齒護理		
101520	BE - 票券、優惠券與服務 - 美容與健康 - 其他		
101518	BE - 票券、優惠券與服務 - 美容與健康 - 美髮沙龍		
101517	BE - 票券、優惠券與服務 - 美容與健康 - 健身、運動		
101515	BE - 票券、優惠券與服務 - 美容與健康 - 健康養生		
101519	BE - 票券、優惠券與服務 - 美容與健康 - SPA、按摩		
101529	BE - 票券、優惠券與服務 - 旅遊 - 公車		
101528	BE - 票券、優惠券與服務 - 旅遊 - 火車		
101525	BE - 票券、優惠券與服務 - 旅遊 - 住宿		
101532	BE - 票券、優惠券與服務 - 旅遊 - 其他		
101531	BE - 票券、優惠券與服務 - 旅遊 - 旅遊行程		
101530	BE - 票券、優惠券與服務 - 旅遊 - 租車		
101526	BE - 票券、優惠券與服務 - 旅遊 - 溫泉		
100773	BE - 票券、優惠券與服務 - 虛擬寶物/帳號/儲值/串流		
100772	BE - 票券、優惠券與服務 - 遊戲、虛擬點數		
101535	BE - 票券、優惠券與服務 - 蝦皮 - 其他		
101534	BE - 票券、優惠券與服務 - 蝦皮 - 蝦皮付費廣告		
101533	BE - 票券、優惠券與服務 - 蝦皮 - 蝦皮官方		
100767	BE - 票券、優惠券與服務 - 課程、工作坊		
101503	BE - 票券、優惠券與服務 - 餐券 - 內用、外帶		
101505	BE - 票券、優惠券與服務 - 餐券 - 其他		
101506	BE - 票券、優惠券與服務 - 禮券 - 百貨公司禮券		
101508	BE - 票券、優惠券與服務 - 禮券 - 其他		
101507	BE - 票券、優惠券與服務 - 禮券 - 超市、超商禮券		
101385	BE - 愛好與收藏品 - 收藏品 - 公仔		
101388	BE - 愛好與收藏品 - 收藏品 - 交通模型		
101394	BE - 愛好與收藏品 - 收藏品 - 其他		
101393	BE - 愛好與收藏品 - 收藏品 - 紀念幣 / 鈔票		
101389	BE - 愛好與收藏品 - 收藏品 - 原石水晶		
101390	BE - 愛好與收藏品 - 收藏品 - 偶像周邊		
101392	BE - 愛好與收藏品 - 收藏品 - 動漫周邊		
101387	BE - 愛好與收藏品 - 收藏品 - 組裝模型		
101391	BE - 愛好與收藏品 - 收藏品 - 運動周邊		
101386	BE - 愛好與收藏品 - 收藏品 - 雕像、雕塑		
100745	BE - 愛好與收藏品 - 其他		
100744	BE - 愛好與收藏品 - 刺繡作品		
101408	BE - 愛好與收藏品 - 玩具與遊戲 - 扭蛋盒玩		
101409	BE - 愛好與收藏品 - 玩具與遊戲 - 其他		
101404	BE - 愛好與收藏品 - 玩具與遊戲 - 陀螺		
101400	BE - 愛好與收藏品 - 玩具與遊戲 - 桌遊		
101406	BE - 愛好與收藏品 - 玩具與遊戲 - 溜溜球		
101407	BE - 愛好與收藏品 - 玩具與遊戲 - 遙控玩具與配件		
101405	BE - 愛好與收藏品 - 玩具與遊戲 - 劍玉		
101402	BE - 愛好與收藏品 - 玩具與遊戲 - 整人玩具		
101403	BE - 愛好與收藏品 - 玩具與遊戲 - 魔術方塊		
101401	BE - 愛好與收藏品 - 玩具與遊戲 - 魔術玩具		
100743	BE - 愛好與收藏品 - 相簿		
101395	BE - 愛好與收藏品 - 紀念品 - 手扇		
101398	BE - 愛好與收藏品 - 紀念品 - 冰箱貼		
101397	BE - 愛好與收藏品 - 紀念品 - 存錢筒、撲滿		
101399	BE - 愛好與收藏品 - 紀念品 - 其他		
101396	BE - 愛好與收藏品 - 紀念品 - 鑰匙圈		
100742	BE - 愛好與收藏品 - 黑膠唱片		
101411	BE - 愛好與收藏品 - 樂器與樂器配件 - 打擊樂器		
101414	BE - 愛好與收藏品 - 樂器與樂器配件 - 其他		
102019	BE - 愛好與收藏品 - 樂器與樂器配件 - 弦樂器 - 吉他、貝斯		
102020	BE - 愛好與收藏品 - 樂器與樂器配件 - 弦樂器 - 其他		
102018	BE - 愛好與收藏品 - 樂器與樂器配件 - 弦樂器 - 烏克麗麗		
101412	BE - 愛好與收藏品 - 樂器與樂器配件 - 管樂器		
101413	BE - 愛好與收藏品 - 樂器與樂器配件 - 樂器配件		
101410	BE - 愛好與收藏品 - 樂器與樂器配件 - 鍵盤樂器		
100740	BE - 愛好與收藏品 - CD, DVD 與藍光光碟		
100696	BE - 電玩遊戲 - 主機周邊		
101091	BE - 電玩遊戲 - 主機遊戲 - 其他		
101086	BE - 電玩遊戲 - 主機遊戲 - Gameboy遊戲		
101085	BE - 電玩遊戲 - 主機遊戲 - NDS遊戲		
101090	BE - 電玩遊戲 - 主機遊戲 - PC遊戲		
101088	BE - 電玩遊戲 - 主機遊戲 - PS Vita遊戲		
101082	BE - 電玩遊戲 - 主機遊戲 - PS系列遊戲		
101089	BE - 電玩遊戲 - 主機遊戲 - PSP遊戲		
101087	BE - 電玩遊戲 - 主機遊戲 - Switch遊戲		
101084	BE - 電玩遊戲 - 主機遊戲 - Wii系列遊戲		
101083	BE - 電玩遊戲 - 主機遊戲 - XBOX系列遊戲		
100698	BE - 電玩遊戲 - 其他		
101081	BE - 電玩遊戲 - 電玩主機 - 其他		
101077	BE - 電玩遊戲 - 電玩主機 - Gameboy系列主機		
101076	BE - 電玩遊戲 - 電玩主機 - NDS系列主機		
101079	BE - 電玩遊戲 - 電玩主機 - PS Vita主機		
101073	BE - 電玩遊戲 - 電玩主機 - PS系列主機		
101080	BE - 電玩遊戲 - 電玩主機 - PSP主機		
101078	BE - 電玩遊戲 - 電玩主機 - Switch主機		
101075	BE - 電玩遊戲 - 電玩主機 - Wii系列主機		
101074	BE - 電玩遊戲 - 電玩主機 - XBOX系列主機		
101985	BE - 電腦與周邊配件 - 列印機/掃描機 - 3D列印機		
101982	BE - 電腦與周邊配件 - 列印機/掃描機 - 列印機/掃描機/影印機		
101986	BE - 電腦與周邊配件 - 列印機/掃描機 - 其他		
101983	BE - 電腦與周邊配件 - 列印機/掃描機 - 熱感印表機/條碼印表機		
101984	BE - 電腦與周邊配件 - 列印機/掃描機 - 墨水匣		
101943	BE - 電腦與周邊配件 - 其他		
101946	BE - 電腦與周邊配件 - 桌上型電腦 - 伺服器主機		
101948	BE - 電腦與周邊配件 - 桌上型電腦 - 其他		
101944	BE - 電腦與周邊配件 - 桌上型電腦 - 桌上型電腦		
101945	BE - 電腦與周邊配件 - 桌上型電腦 - 迷你桌上型電腦		
101947	BE - 電腦與周邊配件 - 桌上型電腦 - AIO一體機		
101937	BE - 電腦與周邊配件 - 軟體		
101942	BE - 電腦與周邊配件 - 筆記型電腦		
101997	BE - 電腦與周邊配件 - 電腦/筆電周邊配件 - 其他		
101995	BE - 電腦與周邊配件 - 電腦/筆電周邊配件 - 視訊會議設備		
101990	BE - 電腦與周邊配件 - 電腦/筆電周邊配件 - 散熱墊		
101991	BE - 電腦與周邊配件 - 電腦/筆電周邊配件 - 筆電支架與折疊式筆電桌		
101994	BE - 電腦與周邊配件 - 電腦/筆電周邊配件 - 筆電充電器&適配器		
101989	BE - 電腦與周邊配件 - 電腦/筆電周邊配件 - 筆電保護膜與保護殼		
101993	BE - 電腦與周邊配件 - 電腦/筆電周邊配件 - 筆電電池		
101996	BE - 電腦與周邊配件 - 電腦/筆電周邊配件 - 滑鼠墊		
101988	BE - 電腦與周邊配件 - 電腦/筆電周邊配件 - 網路攝影機		
101992	BE - 電腦與周邊配件 - 電腦/筆電周邊配件 - 鍵盤與觸控板保護膜		
101987	BE - 電腦與周邊配件 - 電腦/筆電周邊配件 - 讀卡機		
101969	BE - 電腦與周邊配件 - 電腦周邊配件 - 中繼器		
101975	BE - 電腦與周邊配件 - 電腦周邊配件 - 印表伺服器		
101976	BE - 電腦與周邊配件 - 電腦周邊配件 - 其他		
101970	BE - 電腦與周邊配件 - 電腦周邊配件 - 無線網卡		
101971	BE - 電腦與周邊配件 - 電腦周邊配件 - 電力線網路橋接器		
101973	BE - 電腦與周邊配件 - 電腦周邊配件 - 電腦線材		
101972	BE - 電腦與周邊配件 - 電腦周邊配件 - 網路交換器與乙太網路設備		
101968	BE - 電腦與周邊配件 - 電腦周邊配件 - 網路設備		
101974	BE - 電腦與周邊配件 - 電腦周邊配件 - KVM切換器		
101956	BE - 電腦與周邊配件 - 電腦零組件 - 不斷電系統與穩定器		
101951	BE - 電腦與周邊配件 - 電腦零組件 - 主機板		
101958	BE - 電腦與周邊配件 - 電腦零組件 - 光碟機		
101960	BE - 電腦與周邊配件 - 電腦零組件 - 其他		
101959	BE - 電腦與周邊配件 - 電腦零組件 - 音效卡		
101953	BE - 電腦與周邊配件 - 電腦零組件 - 散熱膏		
101949	BE - 電腦與周邊配件 - 電腦零組件 - 散熱器/座		
101954	BE - 電腦與周邊配件 - 電腦零組件 - 電源供應器		
101957	BE - 電腦與周邊配件 - 電腦零組件 - 電腦機殼		
101952	BE - 電腦與周邊配件 - 電腦零組件 - 顯示卡		
101950	BE - 電腦與周邊配件 - 電腦零組件 - CPU		
101955	BE - 電腦與周邊配件 - 電腦零組件 - RAM記憶體		
101933	BE - 電腦與周邊配件 - 螢幕顯示器		
101977	BE - 電腦與周邊配件 - 辦公設備 - 打字機		
101978	BE - 電腦與周邊配件 - 辦公設備 - 考勤機		
101981	BE - 電腦與周邊配件 - 辦公設備 - 其他		
101979	BE - 電腦與周邊配件 - 辦公設備 - 碎紙機		
101980	BE - 電腦與周邊配件 - 辦公設備 - 點鈔機		
101961	BE - 電腦與周邊配件 - 儲存裝置 - 內接硬碟/外接硬碟		
101966	BE - 電腦與周邊配件 - 儲存裝置 - 光碟/光碟機		
101967	BE - 電腦與周邊配件 - 儲存裝置 - 其他		
101965	BE - 電腦與周邊配件 - 儲存裝置 - 硬碟盒與擴充座		
101963	BE - 電腦與周邊配件 - 儲存裝置 - NAS		
101964	BE - 電腦與周邊配件 - 儲存裝置 - OTG&隨身碟		
101962	BE - 電腦與周邊配件 - 儲存裝置 - SSD固態硬碟		
102001	BE - 電腦與周邊配件 - 鍵盤滑鼠 - 其他		
101998	BE - 電腦與周邊配件 - 鍵盤滑鼠 - 滑鼠		
101999	BE - 電腦與周邊配件 - 鍵盤滑鼠 - 鍵盤		
102000	BE - 電腦與周邊配件 - 鍵盤滑鼠 - 繪圖板		
100623	BE - 影音 - 多媒體播放器 - 收音機		
100624	BE - 影音 - 多媒體播放器 - 其他多媒體播放器		
100622	BE - 影音 - 多媒體播放器 - 錄音機/錄音筆		
100621	BE - 影音 - 多媒體播放器 - CD/DVD/藍光播放器		
100620	BE - 影音 - 多媒體播放器 - MP3/MP4播放器		
100578	BE - 影音 - 耳機/耳麥/藍牙耳機		
100584	BE - 影音 - 其他音訊產品		
100628	BE - 影音 - 音響/喇叭 - 其他音響/喇叭		
100625	BE - 影音 - 音響/喇叭 - 音響喇叭		
100626	BE - 影音 - 音響/喇叭 - 家庭劇院		
100627	BE - 影音 - 音響/喇叭 - AV擴大機		
100583	BE - 影音 - 視聽線材/轉換器		
100580	BE - 影音 - 麥克風		
100581	BE - 影音 - 綜合擴大機/混音器		
100759	BE - 機車類 - 騎士手套/防摔衣及其他騎士裝備		
100755	BE - 機車類 - 機車		
100758	BE - 機車類 - 機車安全帽及周邊		
101477	BE - 機車類 - 機車配件/機車百貨 - 坐墊及坐墊罩		
101483	BE - 機車類 - 機車配件/機車百貨 - 行車記錄器及其他機車周邊		
101478	BE - 機車類 - 機車配件/機車百貨 - 後視鏡及周邊		
101473	BE - 機車類 - 機車配件/機車百貨 - 重機停車地毯		
101474	BE - 機車類 - 機車配件/機車百貨 - 儀錶板		
101482	BE - 機車類 - 機車配件/機車百貨 - 擋泥板		
101481	BE - 機車類 - 機車配件/機車百貨 - 機車用手機支架		
101480	BE - 機車類 - 機車配件/機車百貨 - 機車收納箱		
101476	BE - 機車類 - 機車配件/機車百貨 - 機車車貼、車標改裝		
101475	BE - 機車類 - 機車配件/機車百貨 - 機車車罩		
101479	BE - 機車類 - 機車配件/機車百貨 - 機車鎖		
101497	BE - 機車類 - 機車零件 - 其他		
101924	BE - 機車類 - 機車零件 - 動力總成及變速器及離合器 - 其他		
101923	BE - 機車類 - 機車零件 - 動力總成及變速器及離合器 - 機車軸承		
101921	BE - 機車類 - 機車零件 - 動力總成及變速器及離合器 - 機車齒輪		
101922	BE - 機車類 - 機車零件 - 動力總成及變速器及離合器 - 離合器		
101486	BE - 機車類 - 機車零件 - 煞車系統		
101492	BE - 機車類 - 機車零件 - 機車車體		
101493	BE - 機車類 - 機車零件 - 機車排氣管及周邊		
101490	BE - 機車類 - 機車零件 - 機車喇叭及周邊		
101489	BE - 機車類 - 機車零件 - 機車電池及周邊		
101491	BE - 機車類 - 機車零件 - 機車電線及油管		
101495	BE - 機車類 - 機車零件 - 機車輪胎及周邊		
101494	BE - 機車類 - 機車零件 - 機車鋁圈及周邊		
101496	BE - 機車類 - 機車零件 - 機車燈具		
101487	BE - 機車類 - 機車零件 - 機車避震器及懸吊裝置		
101485	BE - 機車類 - 機車零件 - 燃油系統		
101920	BE - 機車類 - 機車零件 - 點火及引擎零件 - 其他		
101913	BE - 機車類 - 機車零件 - 點火及引擎零件 - 散熱器		
101914	BE - 機車類 - 機車零件 - 點火及引擎零件 - 機車引擎活塞		
101916	BE - 機車類 - 機車零件 - 點火及引擎零件 - 機車火星塞		
101919	BE - 機車類 - 機車零件 - 點火及引擎零件 - 機車空氣濾清器		
101917	BE - 機車類 - 機車零件 - 點火及引擎零件 - 機車點火線圈		
101915	BE - 機車類 - 機車零件 - 點火及引擎零件 - 機車點火器		
101918	BE - 機車類 - 機車零件 - 點火及引擎零件 - 機車驅動皮帶		
101776	BE - 嬰幼兒童裝童鞋 - 女童童裝 - 上衣 - 其他		
101775	BE - 嬰幼兒童裝童鞋 - 女童童裝 - 上衣 - 襯衫		
101774	BE - 嬰幼兒童裝童鞋 - 女童童裝 - 上衣 - Polo衫		
101773	BE - 嬰幼兒童裝童鞋 - 女童童裝 - 上衣 - T恤		
101788	BE - 嬰幼兒童裝童鞋 - 女童童裝 - 下著 - 內搭褲		
101784	BE - 嬰幼兒童裝童鞋 - 女童童裝 - 下著 - 牛仔褲		
101789	BE - 嬰幼兒童裝童鞋 - 女童童裝 - 下著 - 其他		
101786	BE - 嬰幼兒童裝童鞋 - 女童童裝 - 下著 - 短褲		
101787	BE - 嬰幼兒童裝童鞋 - 女童童裝 - 下著 - 裙子		
101785	BE - 嬰幼兒童裝童鞋 - 女童童裝 - 下著 - 褲子		
101049	BE - 嬰幼兒童裝童鞋 - 女童童裝 - 內衣褲		
101780	BE - 嬰幼兒童裝童鞋 - 女童童裝 - 外套與帽T - 毛衣/針織外套		
101778	BE - 嬰幼兒童裝童鞋 - 女童童裝 - 外套與帽T - 冬裝外套		
101777	BE - 嬰幼兒童裝童鞋 - 女童童裝 - 外套與帽T - 外套		
101781	BE - 嬰幼兒童裝童鞋 - 女童童裝 - 外套與帽T - 西裝外套		
101783	BE - 嬰幼兒童裝童鞋 - 女童童裝 - 外套與帽T - 其他		
101779	BE - 嬰幼兒童裝童鞋 - 女童童裝 - 外套與帽T - 背心		
101782	BE - 嬰幼兒童裝童鞋 - 女童童裝 - 外套與帽T - 帽T		
101058	BE - 嬰幼兒童裝童鞋 - 女童童裝 - 其他		
101051	BE - 嬰幼兒童裝童鞋 - 女童童裝 - 泳衣		
101056	BE - 嬰幼兒童裝童鞋 - 女童童裝 - 洋裝/連身裙		
101057	BE - 嬰幼兒童裝童鞋 - 女童童裝 - 套裝組合		
101048	BE - 嬰幼兒童裝童鞋 - 女童童裝 - 造型服飾		
101055	BE - 嬰幼兒童裝童鞋 - 女童童裝 - 連身褲/吊帶褲		
101050	BE - 嬰幼兒童裝童鞋 - 女童童裝 - 睡衣		
101071	BE - 嬰幼兒童裝童鞋 - 女童童鞋 - 平底鞋		
101070	BE - 嬰幼兒童裝童鞋 - 女童童鞋 - 夾腳拖		
101072	BE - 嬰幼兒童裝童鞋 - 女童童鞋 - 其他		
101067	BE - 嬰幼兒童裝童鞋 - 女童童鞋 - 涼鞋		
101068	BE - 嬰幼兒童裝童鞋 - 女童童鞋 - 球鞋/運動鞋		
101066	BE - 嬰幼兒童裝童鞋 - 女童童鞋 - 靴子		
101069	BE - 嬰幼兒童裝童鞋 - 女童童鞋 - 樂福鞋		
101760	BE - 嬰幼兒童裝童鞋 - 男童童裝 - 上衣 - 其他上衣		
101759	BE - 嬰幼兒童裝童鞋 - 男童童裝 - 上衣 - 襯衫		
101758	BE - 嬰幼兒童裝童鞋 - 男童童裝 - 上衣 - Polo衫		
101757	BE - 嬰幼兒童裝童鞋 - 男童童裝 - 上衣 - T恤		
101768	BE - 嬰幼兒童裝童鞋 - 男童童裝 - 下著 - 牛仔褲		
101772	BE - 嬰幼兒童裝童鞋 - 男童童裝 - 下著 - 其他		
101771	BE - 嬰幼兒童裝童鞋 - 男童童裝 - 下著 - 連身褲/吊帶褲		
101770	BE - 嬰幼兒童裝童鞋 - 男童童裝 - 下著 - 短褲		
101769	BE - 嬰幼兒童裝童鞋 - 男童童裝 - 下著 - 褲子		
101040	BE - 嬰幼兒童裝童鞋 - 男童童裝 - 內衣褲		
101764	BE - 嬰幼兒童裝童鞋 - 男童童裝 - 外套與帽T - 毛衣/針織外套		
101762	BE - 嬰幼兒童裝童鞋 - 男童童裝 - 外套與帽T - 冬裝外套		
101761	BE - 嬰幼兒童裝童鞋 - 男童童裝 - 外套與帽T - 外套		
101765	BE - 嬰幼兒童裝童鞋 - 男童童裝 - 外套與帽T - 西裝外套		
101767	BE - 嬰幼兒童裝童鞋 - 男童童裝 - 外套與帽T - 其他		
101763	BE - 嬰幼兒童裝童鞋 - 男童童裝 - 外套與帽T - 背心		
101766	BE - 嬰幼兒童裝童鞋 - 男童童裝 - 外套與帽T - 帽T		
101047	BE - 嬰幼兒童裝童鞋 - 男童童裝 - 其他		
101042	BE - 嬰幼兒童裝童鞋 - 男童童裝 - 泳衣		
101046	BE - 嬰幼兒童裝童鞋 - 男童童裝 - 套裝組合		
101039	BE - 嬰幼兒童裝童鞋 - 男童童裝 - 造型服飾		
101041	BE - 嬰幼兒童裝童鞋 - 男童童裝 - 睡衣		
101063	BE - 嬰幼兒童裝童鞋 - 男童童鞋 - 皮鞋		
101062	BE - 嬰幼兒童裝童鞋 - 男童童鞋 - 夾腳拖		
101065	BE - 嬰幼兒童裝童鞋 - 男童童鞋 - 其他		
101060	BE - 嬰幼兒童裝童鞋 - 男童童鞋 - 涼鞋		
101061	BE - 嬰幼兒童裝童鞋 - 男童童鞋 - 球鞋/運動鞋		
101059	BE - 嬰幼兒童裝童鞋 - 男童童鞋 - 靴子		
101064	BE - 嬰幼兒童裝童鞋 - 男童童鞋 - 樂福鞋		
100694	BE - 嬰幼兒童裝童鞋 - 其他		
101021	BE - 嬰幼兒童裝童鞋 - 嬰幼兒裝 - 上衣		
101743	BE - 嬰幼兒童裝童鞋 - 嬰幼兒裝 - 下著 - 其他		
101741	BE - 嬰幼兒童裝童鞋 - 嬰幼兒裝 - 下著 - 短褲		
101742	BE - 嬰幼兒童裝童鞋 - 嬰幼兒裝 - 下著 - 裙子		
101740	BE - 嬰幼兒童裝童鞋 - 嬰幼兒裝 - 下著 - 褲子、內搭褲		
101017	BE - 嬰幼兒童裝童鞋 - 嬰幼兒裝 - 冬裝外套		
101022	BE - 嬰幼兒童裝童鞋 - 嬰幼兒裝 - 包屁衣/連身裝		
101016	BE - 嬰幼兒童裝童鞋 - 嬰幼兒裝 - 外套		
101025	BE - 嬰幼兒童裝童鞋 - 嬰幼兒裝 - 其他		
101020	BE - 嬰幼兒童裝童鞋 - 嬰幼兒裝 - 居家服及內著		
101024	BE - 嬰幼兒童裝童鞋 - 嬰幼兒裝 - 泳衣		
101018	BE - 嬰幼兒童裝童鞋 - 嬰幼兒裝 - 洋裝		
101023	BE - 嬰幼兒童裝童鞋 - 嬰幼兒裝 - 套裝		
101030	BE - 嬰幼兒童裝童鞋 - 嬰幼童配件 - 手套		
101034	BE - 嬰幼兒童裝童鞋 - 嬰幼童配件 - 手錶		
101746	BE - 嬰幼兒童裝童鞋 - 嬰幼童配件 - 包包、行李箱 - 行李箱/拉桿書包		
101748	BE - 嬰幼兒童裝童鞋 - 嬰幼童配件 - 包包、行李箱 - 其他		
101744	BE - 嬰幼兒童裝童鞋 - 嬰幼童配件 - 包包、行李箱 - 後背包		
101745	BE - 嬰幼兒童裝童鞋 - 嬰幼童配件 - 包包、行李箱 - 側背/斜背包		
101747	BE - 嬰幼兒童裝童鞋 - 嬰幼童配件 - 包包、行李箱 - 錢包		
101031	BE - 嬰幼兒童裝童鞋 - 嬰幼童配件 - 皮帶		
101037	BE - 嬰幼兒童裝童鞋 - 嬰幼童配件 - 耳罩		
101038	BE - 嬰幼兒童裝童鞋 - 嬰幼童配件 - 其他		
101756	BE - 嬰幼兒童裝童鞋 - 嬰幼童配件 - 雨衣及雨具 - 其他		
101754	BE - 嬰幼兒童裝童鞋 - 嬰幼童配件 - 雨衣及雨具 - 雨衣		
101755	BE - 嬰幼兒童裝童鞋 - 嬰幼童配件 - 雨衣及雨具 - 雨靴		
101028	BE - 嬰幼兒童裝童鞋 - 嬰幼童配件 - 眼鏡、太陽眼鏡		
101033	BE - 嬰幼兒童裝童鞋 - 嬰幼童配件 - 圍巾		
101027	BE - 嬰幼兒童裝童鞋 - 嬰幼童配件 - 帽子		
101749	BE - 嬰幼兒童裝童鞋 - 嬰幼童配件 - 飾品 - 手環		
101750	BE - 嬰幼兒童裝童鞋 - 嬰幼童配件 - 飾品 - 耳環		
101752	BE - 嬰幼兒童裝童鞋 - 嬰幼童配件 - 飾品 - 戒指		
101753	BE - 嬰幼兒童裝童鞋 - 嬰幼童配件 - 飾品 - 其他		
101751	BE - 嬰幼兒童裝童鞋 - 嬰幼童配件 - 飾品 - 項鍊		
101029	BE - 嬰幼兒童裝童鞋 - 嬰幼童配件 - 髮飾、髮夾		
101032	BE - 嬰幼兒童裝童鞋 - 嬰幼童配件 - 襪子		
100688	BE - 嬰幼兒童裝童鞋 - 嬰兒護手/腳套		
100673	BE - 寵物 - 其他		
100938	BE - 寵物 - 寵物服飾配件 - 毛髮裝飾		
100935	BE - 寵物 - 寵物服飾配件 - 足部保護		
100940	BE - 寵物 - 寵物服飾配件 - 其他服飾配件		
100934	BE - 寵物 - 寵物服飾配件 - 雨衣相關		
100937	BE - 寵物 - 寵物服飾配件 - 眼睛周邊		
100939	BE - 寵物 - 寵物服飾配件 - 帽子		
100936	BE - 寵物 - 寵物服飾配件 - 頸部裝飾		
100933	BE - 寵物 - 寵物服飾配件 - 寵物服飾		
100930	BE - 寵物 - 寵物美容 - 口腔護理		
100929	BE - 寵物 - 寵物美容 - 毛髮護理		
100932	BE - 寵物 - 寵物美容 - 其他寵物美容		
100931	BE - 寵物 - 寵物美容 - 指甲護理		
100910	BE - 寵物 - 寵物食品 - 小型寵物食品		
100911	BE - 寵物 - 寵物食品 - 小寵零食		
100912	BE - 寵物 - 寵物食品 - 水族飼料		
100914	BE - 寵物 - 寵物食品 - 兩棲爬蟲飼料		
100915	BE - 寵物 - 寵物食品 - 其他寵物食品		
100906	BE - 寵物 - 寵物食品 - 狗食品		
100907	BE - 寵物 - 寵物食品 - 狗零食		
100913	BE - 寵物 - 寵物食品 - 鳥飼料		
100908	BE - 寵物 - 寵物食品 - 貓食品		
100909	BE - 寵物 - 寵物食品 - 貓零食		
100921	BE - 寵物 - 寵物配件 - 水族設備		
100922	BE - 寵物 - 寵物配件 - 其他寵物配件		
100917	BE - 寵物 - 寵物配件 - 旅行用品		
100918	BE - 寵物 - 寵物配件 - 牽繩項圈類		
100916	BE - 寵物 - 寵物配件 - 碗&餵食器具		
101682	BE - 寵物 - 寵物配件 - 寵物生活器材 - 小屋		
101686	BE - 寵物 - 寵物配件 - 寵物生活器材 - 其他器材		
101683	BE - 寵物 - 寵物配件 - 寵物生活器材 - 居住配件		
101681	BE - 寵物 - 寵物配件 - 寵物生活器材 - 睡床&睡墊		
101685	BE - 寵物 - 寵物配件 - 寵物生活器材 - 貓抓板/柱		
101684	BE - 寵物 - 寵物配件 - 寵物生活器材 - 籠子&箱		
101678	BE - 寵物 - 寵物配件 - 寵物玩具 - 小寵玩具		
101680	BE - 寵物 - 寵物配件 - 寵物玩具 - 其他寵物玩具		
101679	BE - 寵物 - 寵物配件 - 寵物玩具 - 鳥類玩具		
101928	BE - 寵物 - 寵物配件 - 寵物玩具 - 貓狗玩具 - 其他貓狗玩具		
101927	BE - 寵物 - 寵物配件 - 寵物玩具 - 貓狗玩具 - 飛盤		
101925	BE - 寵物 - 寵物配件 - 寵物玩具 - 貓狗玩具 - 逗貓玩具		
101926	BE - 寵物 - 寵物配件 - 寵物玩具 - 貓狗玩具 - 磨牙玩具&球類		
100943	BE - 寵物 - 寵物健康保健 - 其他保健		
100941	BE - 寵物 - 寵物健康保健 - 除蟲除蚤		
100944	BE - 寵物 - 寵物健康保健 - 維他命&營養補充		
100924	BE - 寵物 - 寵物廁所相關&貓砂 - 小寵便盆&砂/木屑		
100925	BE - 寵物 - 寵物廁所相關&貓砂 - 尿布		
100928	BE - 寵物 - 寵物廁所相關&貓砂 - 其他廁所相關		
100926	BE - 寵物 - 寵物廁所相關&貓砂 - 狗訓練尿墊&盆		
100927	BE - 寵物 - 寵物廁所相關&貓砂 - 便袋&鏟		
100923	BE - 寵物 - 寵物廁所相關&貓砂 - 貓砂&貓砂盆		